1.75,68
1.65,55
1.81,99
1.7,69
1.6,52
1.95,86
1.59,45
1.8,65
1.93,87
1.85,75
1.86,0
1.86,70
1.78,0
1.85,79
1.77,72
1.7,65
1.83,90
1.72,66
1.68,62
1.8,85
1.78,63
1.65,55
1.73,60
1.75,65
1.68,62
1.75,68
1.89,75
1.75,62
1.7,80
1.77,74
1.82,0
1.65,60
1.78,0
1.55,55
1.9,80
1.76,56
1.69,67
1.7,73
1.78,70
1.8,96
1.82,64
1.68,60
1.65,66
1.85,0
1.65,64
1.7,65
1.64,54
1.88,88
1.85,100
1.78,65
1.78,62
1.7,65
1.55,50
1.74,0
1.9,100
1.8,72
1.6,60
1.86,75
1.8,75
1.87,84
1.85,75
1.85,0
1.8,70
1.85,75
1.76,65
1.78,73
1.7,65
1.76,78
1.58,50
1.7,67
1.7,66
1.85,123
1.75,65
1.74,68
1.6,60
1.7,65
1.78,0
1.64,60
1.69,63
1.7,55
1.75,80
1.78,62
1.92,105
1.74,70
1.8,76
1.72,70
1.8,69
1.72,68
1.71,63
1.8,73
1.75,68
1.8,77
1.76,90
1.75,60
1.8,93
1.66,57
1.8,62
1.7,63
1.72,54
1.82,73
1.67,63
1.7,65
1.8,87
1.76,67
1.92,85
1.7,98
1.7,59
1.8,92
1.74,72
1.8,72
1.79,68
0,0
1.92,83
1.75,68
1.83,70
1.72,64
1.82,91
1.85,95
1.73,77
1.94,100
1.65,55
1.65,55
1.67,58
1.7,0
1.75,0
1.83,72
1.84,85
1.64,66
1.8,73
1.6,50
1.73,66
2.01,102
1.74,80
1.8,84
1.83,84
1.81,82
1.8,82
1.79,72
1.63,52
1.77,72
1.87,100
1.66,64
1.84,84
1.98,87
1.75,72
1.63,55
2,95
1.75,68
1.64,63
1.74,67
1.67,70
1.72,69
1.95,94
1.85,78
1.68,63
1.69,59
1.92,82
1.73,63
1.75,65
1.77,72
1.78,78
1.73,81
1.8,80
1.71,59
1.98,95
1.76,75
1.73,80
1.83,77
1.81,85
1.97,88
1.87,97
1.85,66
1.93,89
1.91,88
1.75,78
1.93,92
1.83,84
1.92,90
1.66,60
1.88,92
1.65,0
1.9,91
1.82,80
1.65,55
1.92,68
1.86,81
1.97,107
1.64,58
1.7,76
1.72,64
1.95,84
1.86,127
1.88,95
1.75,74
1.69,72
1.68,76
1.9,100
1.86,88
1.78,83
1.77,82
1.74,61
1.83,80
1.78,82
1.8,76
1.72,0
1.67,60
1.75,75
1.88,81
1.8,110
1.6,63
1.7,71
1.82,76
1.73,78
1.67,70
2.06,97
1.87,83
1.75,72
1.81,74
1.86,91
1.68,75
1.78,79
1.78,74
1.68,60
1.98,97
1.85,77
1.85,90
1.92,86
1.74,73
1.8,80
1.65,60
1.78,70
1.9,74
1.8,81
1.82,81
1.75,80
1.65,0
1.66,70
2.04,106
1.97,105
1.86,70
1.81,79
1.86,82
1.68,60
1.77,74
1.69,73
1.88,88
1.72,75
1.71,64
1.95,92
1.78,71
1.73,59
1.7,68
1.69,65
1.91,98
1.76,63
1.6,57
1.72,57
2.04,108
1.74,73
1.65,64
1.6,60
1.98,91
1.79,79
1.77,73
2.09,105
1.71,58
1.8,68
1.7,68
1.58,48
1.6,53
1.58,58
1.71,68
1.62,50
1.67,49
1.69,63
1.85,98
1.69,56
1.74,85
1.75,76
1.85,74
1.97,94
1.63,58
1.74,65
1.85,84
1.76,74
1.78,72
1.9,88
1.67,70
1.77,70
1.76,77
1.6,65
1.64,62
1.87,85
2,84
1.68,76
1.65,71
1.93,88
1.71,71
2.02,85
1.9,86
1.92,92
1.85,90
1.84,89
1.5,48
1.96,96
1.5,48
1.81,74
1.74,75
1.6,50
1.72,70
2.08,109
1.73,70
1.8,100
1.57,54
1.8,80
1.6,47
1.74,80
1.69,64
1.88,93
1.74,77
1.87,82
1.84,73
1.75,77
1.89,93
2,94
1.67,57
1.82,70
1.78,64
1.73,71
1.7,62
1.64,65
1.76,65
1.61,59
1.75,70
1.74,57
1.64,52
1.61,70
1.84,75
1.8,77
1.92,0
1.7,56
1.8,77
1.7,84
1.73,0
1.66,76
1.9,98
1.6,55
1.6,0
1.7,65
1.7,60
1.61,57
1.64,54
1.9,100
1.8,144
1.65,58
1.52,48
1.73,0
1.73,60
1.75,75
1.86,125
1.93,75
1.64,55
1.77,86
1.66,67
1.66,59
1.66,0
1.57,69
1.8,152
1.81,105
1.58,73
1.86,92
1.72,0
1.65,60
1.72,67
1.89,90
1.71,49
1.68,62
1.71,65
1.84,88
1.72,71
1.75,68
1.72,68
1.88,93
1.8,67
1.93,100
1.78,92
1.87,88
1.57,51
1.63,58
1.71,59
1.76,63
1.85,77
1.87,90
1.84,76
1.98,91
1.93,91
1.89,89
1.82,75
1.72,80
1.76,69
1.73,64
1.7,87
1.82,71
1.73,65
1.61,55
1.67,58
1.72,63
1.68,64
1.68,55
0,0
2.07,122
1.82,87
1.8,66
1.65,70
1.71,58
1.71,65
1.75,87
1.86,80
0,0
2.07,115
1.88,82
1.74,67
1.71,52
1.72,70
1.67,57
1.79,65
1.98,115
1.72,55
1.75,65
1.81,82
1.79,72
1.87,85
1.8,81
1.88,71
1.83,62
1.76,60
1.75,61
1.8,69
1.68,55
2.08,107
1.71,58
1.79,58
1.82,88
1.72,57
0,0
1.71,66
1.65,58
1.71,60
1.84,77
2.06,118
1.85,84
1.9,92
1.85,75
1.72,67
1.65,68
1.68,56
1.65,55
1.8,82
1.7,62
1.86,74
1.72,80
1.92,90
0,0
1.72,65
1.8,76
1.63,56
1.62,62
1.8,72
1.68,55
1.65,55
1.55,48
1.82,83
1.75,60
1.92,93
1.8,70
2,91
1.91,90
1.73,67
1.88,90
1.63,49
1.86,90
1.9,140
1.87,72
1.83,89
1.82,82
1.84,74
1.91,89
1.78,0
1.8,70
2.02,128
1.9,83
1.75,65
1.66,52
1.66,61
2.1,102
1.67,72
1.95,85
1.75,53
1.84,82
1.75,67
1.91,96
1.62,52
1.63,55
1.84,96
1.8,73
1.7,70
1.64,50
1.82,65
1.77,0
1.65,60
2.03,98
1.69,58
1.72,75
1.65,60
1.72,52
1.68,70
0,0
1.73,52
1.8,70
1.59,55
1.79,70
1.8,60
1.71,57
1.65,63
1.86,81
1.65,52
1.73,70
1.68,58
1.69,67
1.79,69
1.78,79
1.82,75
1.75,75
1.69,55
1.8,78
1.69,66
1.79,72
1.64,53
1.92,95
1.79,66
1.67,54
1.6,59
1.79,70
1.59,68
1.78,68
1.8,76
1.79,82
1.75,68
1.75,65
1.87,80
1.73,69
1.85,98
1.77,75
1.69,57
1.84,80
1.79,76
1.88,83
1.76,86
1.83,82
1.67,56
1.86,80
1.86,78
1.8,72
2.03,106
1.8,65
1.83,75
1.71,70
1.85,86
1.82,77
1.72,64
1.75,68
1.73,73
2.04,98
1.95,68
1.83,70
1.97,95
1.93,93
1.7,72
1.94,90
1.73,82
2,93
1.86,88
1.72,68
1.69,60
1.78,58
1.89,90
1.85,85
1.96,0
1.85,75
1.92,74
1.75,71
1.74,60
1.63,49
1.81,82
1.89,104
1.73,64
1.66,60
1.83,75
0,0
1.7,59
1.66,52
1.63,58
1.83,74
2.04,91
1.98,125
1.9,70
1.95,91
1.9,103
1.93,88
1.83,79
1.91,83
1.85,82
1.83,73
1.82,78
1.75,70
1.9,93
1.94,98
1.67,60
1.86,87
1.87,92
1.77,70
1.91,88
1.72,63
1.68,72
1.73,68
1.77,70
1.66,56
1.54,54
1.76,64
1.76,78
1.78,64
1.75,70
1.9,90
1.83,74
1.69,63
1.7,70
1.88,89
1.68,70
1.88,74
1.73,66
1.65,60
1.7,56
1.87,78
1.64,61
1.93,90
1.76,80
1.63,61
1.58,64
1.78,70
1.59,50
1.78,74
1.91,78
1.76,69
1.78,66
1.73,77
1.73,77
1.67,58
1.65,60
1.83,89
1.78,64
1.67,51
1.68,65
1.56,56
1.57,44
1.83,72
1.77,70
1.74,67
1.83,70
1.75,65
1.76,61
1.9,88
1.79,70
1.67,62
1.87,81
1.79,66
1.74,53
1.79,61
1.65,60
1.83,89
1.74,70
1.68,66
1.96,86
1.83,74
1.78,88
1.73,63
1.73,62
1.8,80
1.78,72
1.97,92
1.85,77
1.76,66
1.91,89
1.95,118
1.9,86
1.7,64
1.74,64
0,0
1.74,65
1.75,64
1.66,65
1.52,50
1.86,77
1.83,60
1.78,66
1.72,67
0,0
1.65,60
1.69,78
1.85,89
1.78,0
1.87,72
0,0
1.75,58
1.77,63
1.86,86
1.75,0
1.94,76
1.8,90
1.75,66
1.79,75
1.86,92
1.74,72
1.68,66
1.91,75
1.68,63
1.83,75
1.87,105
1.83,95
1.83,83
1.83,85
1.85,98
1.85,72
1.77,63
1.79,68
1.86,77
1.69,52
1.67,54
1.58,49
1.74,55
1.81,65
1.88,88
1.89,84
1.93,99
1.72,62
1.92,93
1.88,85
1.82,72
1.65,55
1.78,80
1.77,61
2.01,93
1.73,64
1.74,83
1.86,102
1.84,58
1.66,65
1.72,75
1.71,73
0,0
1.91,67
1.79,82
1.73,87
1.61,0
1.67,63
1.72,68
0,0
1.78,79
1.75,65
1.83,82
1.85,80
1.79,64
1.69,52
1.81,80
1.7,70
1.67,79
1.64,0
0,0
1.86,82
1.73,93
1.9,92
1.71,60
1.77,77
1.86,87
1.89,86
1.8,71
1.68,0
0,0
1.75,74
1.84,68
1.58,55
1.7,61
1.67,52
1.78,65
1.74,60
1.72,68
1.96,82
1.94,85
1.58,58
1.85,77
1.8,81
1.86,85
1.91,101
1.9,91
1.9,81
1.96,98
1.64,47
1.77,73
1.89,95
1.93,75
1.91,88
1.8,75
1.62,70
1.7,70
1.68,50
1.85,70
1.86,88
1.79,64
1.82,80
1.76,95
1.8,91
1.72,64
1.74,53
1.7,48
1.77,71
1.75,70
1.89,89
1.8,72
1.69,61
1.72,63
1.99,85
1.78,77
1.74,65
1.83,130
1.85,78
1.88,85
1.83,80
1.86,81
1.71,50
1.75,62
1.98,85
1.8,71
1.89,70
1.89,86
1.79,65
1.66,47
1.6,46
1.72,59
1.78,68
1.63,48
1.73,63
1.65,56
1.64,57
1.74,69
1.57,55
1.74,63
1.7,60
1.96,136
1.8,71
1.77,75
1.74,59
1.75,66
1.8,74
1.7,55
1.88,84
1.84,84
1.63,58
1.77,70
1.66,49
1.84,79
1.78,72
1.9,80
1.73,57
1.7,55
1.79,104
1.82,79
1.81,69
1.79,65
1.86,69
1.67,57
1.78,63
1.84,70
1.8,77
1.68,58
1.73,64
1.75,68
1.88,0
1.71,0
1.89,93
1.81,75
1.93,93
1.88,100
1.65,0
1.78,75
1.7,60
1.73,67
1.75,60
1.68,65
1.83,101
1.71,58
1.66,63
1.7,74
1.86,125
1.7,0
1.82,80
1.8,0
1.8,97
1.85,0
1.9,0
1.89,75
1.88,90
1.7,51
1.57,48
1.97,80
1.6,58
1.87,74
1.64,66
1.63,55
1.78,68
1.7,71
1.75,53
1.71,60
1.77,0
1.65,49
1.73,64
2,93
1.71,66
1.87,74
1.6,59
1.7,0
1.83,80
1.8,73
1.92,130
1.68,51
1.8,85
1.8,97
1.96,0
1.7,65
1.95,135
1.93,93
1.69,0
1.62,58
1.78,75
0,0
1.68,57
1.68,61
0,0
0,0
1.78,75
1.68,54
1.78,70
1.91,81
1.85,75
1.53,70
0,0
1.74,70
0,0
1.8,66
0,0
1.73,64
1.91,82
1.78,76
0,0
0,0
1.85,69
0,0
1.71,57
0,0
1.88,0
1.88,0
0,0
1.58,0
0,0
0,0
0,0
0,0
0,0
1.65,69
0,0
1.86,77
1.88,66
1.91,85
1.72,70
1.8,68
1.76,61
1.75,66
1.81,78
1.75,114
1.8,79
1.78,59
1.62,52
1.69,60
1.7,51
1.96,74
1.67,55
1.83,59
1.65,54
1.66,60
1.7,62
1.85,82
1.78,75
1.6,52
1.72,60
1.76,68
1.85,78
1.78,74
1.93,95
1.71,62
1.76,56
1.85,85
1.81,81
1.57,48
1.69,57
1.68,54
1.65,53
1.8,69
1.6,65
1.9,85
1.73,73
1.9,78
1.63,60
1.85,75
1.6,51
1.89,88
1.8,75
1.72,70
1.77,64
1.9,85
1.75,54
1.78,73
1.79,76
1.44,57
1.86,79
1.66,60
1.82,80
1.81,74
1.87,83
1.75,64
1.91,86
1.78,69
1.71,66
1.72,61
1.75,64
1.83,63
1.84,69
1.78,70
1.8,81
1.74,69
1.76,64
1.8,69
1.85,65
1.71,69
1.89,83
1.68,57
1.7,61
1.8,67
1.87,75
1.65,59
1.82,66
1.6,54
1.88,67
1.6,54
1.81,78
1.71,66
1.86,79
1.81,60
1.57,42
1.83,64
1.78,84
1.89,81
1.87,72
1.86,76
1.88,75
1.65,46
1.72,57
1.98,110
1.79,72
2,89
1.86,75
1.71,59
1.7,54
1.8,78
1.83,74
1.75,62
1.59,48
1.75,74
1.54,46
1.98,93
1.77,64
1.8,62
1.87,84
1.74,70
1.72,71
1.96,85
1.86,82
1.83,77
1.84,81
1.77,81
1.64,56
1.9,100
1.59,46
1.8,78
1.81,81
1.79,60
1.82,72
1.81,79
1.82,74
1.75,89
1.85,84
1.83,85
1.73,63
1.68,56
1.92,96
1.83,80
1.64,60
1.63,57
1.82,82
1.84,79
1.77,70
1.61,54
1.83,74
1.63,51
1.65,59
1.87,77
1.73,62
1.75,65
1.86,130
1.96,120
1.76,110
1.66,48
1.96,120
1.72,74
1.87,85
1.68,54
1.99,86
1.72,61
1.8,91
1.82,95
1.69,52
1.79,65
1.78,87
1.84,94
1.78,66
1.76,94
1.91,80
1.72,65
1.74,58
1.7,64
1.9,136
1.64,57
1.8,76
1.84,88
1.62,67
1.63,57
1.61,45
1.92,82
1.89,74
1.72,66
1.86,96
1.73,50
2.03,105
1.87,78
1.58,60
1.65,75
1.63,67
1.62,52
1.97,102
1.78,64
1.76,0
1.86,69
1.91,83
1.7,66
1.85,81
1.69,61
1.67,51
1.62,51
1.75,90
1.8,125
1.95,101
1.79,81
1.72,66
1.66,54
1.79,65
1.66,60
1.72,62
1.86,110
1.76,91
1.91,87
1.84,70
1.73,64
1.67,47
1.88,78
1.6,50
1.73,65
1.93,82
1.81,67
1.74,51
1.73,58
1.89,74
1.67,45
1.63,65
1.89,84
1.62,51
1.78,68
1.96,99
1.73,53
1.98,103
1.77,0
1.84,72
1.9,80
1.72,67
1.62,50
1.58,48
1.84,75
1.76,58
1.93,118
1.76,0
1.73,84
1.82,77
1.65,84
1.92,110
1.64,60
2.01,104
1.74,58
1.7,51
1.75,69
1.81,83
1.75,75
1.85,77
1.8,67
1.65,52
1.6,52
1.88,78
1.86,98
1.73,66
1.77,66
1.74,69
2,100
1.7,94
1.7,50
1.82,75
1.8,77
1.66,48
1.88,83
1.64,50
1.75,60
1.69,70
1.89,83
1.78,78
1.65,49
1.76,61
1.71,69
1.82,77
1.69,69
1.95,86
1.84,84
1.62,57
1.8,66
1.8,80
1.8,69
1.78,87
1.6,54
1.6,58
2,89
1.65,59
1.8,66
1.9,90
1.68,59
1.64,57
1.59,50
1.76,82
1.73,54
1.62,54
0,0
0,0
0,0
0,0
0,0
1.79,60
1.85,78
0,0
0,0
0,0
1.79,60
0,0
1.82,88
1.87,65
1.7,79
1.84,83
1.66,52
1.67,0
1.7,65
1.82,70
1.93,80
1.92,102
1.74,73
1.73,61
1.77,68
1.77,75
1.92,107
1.62,60
1.78,80
2.03,102
1.74,73
1.81,60
1.86,86
1.62,54
1.69,58
1.66,62
1.67,58
1.58,56
1.71,68
1.65,66
1.72,67
1.76,71
1.63,58
1.69,64
1.73,74
1.85,84
1.8,75
1.7,80
1.94,92
1.69,0
1.6,60
1.68,56
1.78,97
1.53,53
1.83,83
1.69,65
1.56,64
1.9,85
1.82,79
1.8,70
2.06,118
1.71,75
1.82,73
1.77,66
1.76,69
1.63,56
1.72,67
1.73,70
1.88,90
1.81,95
1.64,56
1.86,73
1.78,65
1.56,51
1.7,54
1.81,72
1.82,85
1.87,80
1.83,93
1.9,76
1.85,85
1.77,76
1.8,75
1.74,60
1.59,60
1.72,68
1.79,76
1.66,58
1.93,95
1.8,88
1.88,88
1.88,98
1.75,73
1.63,66
1.59,58
1.85,77
1.59,49
1.83,89
1.66,57
1.63,54
1.76,69
1.62,54
2.08,125
1.59,55
1.9,80
1.91,81
1.82,90
1.65,67
1.74,70
1.47,40
1.83,71
1.87,90
1.73,59
1.63,55
1.57,55
1.8,73
1.75,75
1.7,68
1.83,93
1.9,80
1.99,75
1.73,69
1.89,89
2.05,107
1.53,54
1.7,83
1.9,120
1.86,84
1.93,84
1.6,49
1.67,55
1.82,80
1.68,55
1.72,60
1.62,52
1.97,92
1.75,78
1.84,76
1.69,60
2.1,105
2.07,103
1.61,57
1.93,76
1.83,71
1.7,55
1.72,58
1.85,85
1.69,69
0,0
1.75,69
1.85,72
0,0
1.72,83
1.96,103
1.85,95
1.64,60
1.72,68
1.83,95
1.82,90
1.72,67
1.63,58
1.76,68
1.75,85
1.61,54
1.81,75
0,0
1.85,155
1.84,80
1.76,65
1.56,46
1.33,31
1.62,57
1.68,63
1.66,58
1.66,47
1.75,72
1.76,68
1.8,73
1.75,68
1.84,83
1.76,59
1.75,76
1.64,50
1.65,60
1.61,55
1.6,60
1.79,75
1.8,77
1.69,69
1.8,83
1.67,59
1.62,57
1.8,64
1.55,43
2.04,100
1.94,90
1.84,88
1.76,70
1.72,85
1.8,90
1.7,65
0,0
1.69,64
1.97,104
1.83,65
1.76,67
1.65,63
1.78,71
1.8,73
1.94,86
1.92,100
1.83,64
1.82,74
1.87,74
1.72,69
1.71,72
1.6,58
1.67,51
1.81,69
1.79,76
1.58,58
1.75,85
1.8,73
1.91,102
1.7,59
1.81,69
1.63,62
1.51,45
1.74,65
1.7,73
1.65,75
1.86,71
0,0
1.64,60
1.67,52
1.72,67
1.62,52
1.73,60
1.75,70
1.9,93
1.93,95
1.9,88
1.82,65
1.9,87
1.7,76
1.72,0
1.72,49
1.68,65
1.67,59
1.81,82
1.71,54
1.92,74
1.91,97
1.72,63
1.72,80
1.93,97
1.84,70
1.96,120
1.86,0
1.83,72
1.74,64
1.7,57
1.77,73
1.65,50
1.6,62
1.91,107
1.65,0
1.8,90
1.85,95
1.72,68
1.77,75
1.8,74
1.64,58
1.7,62
1.92,92
1.67,65
1.75,69
1.65,65
1.67,59
1.67,62
1.74,70
1.69,57
1.71,75
1.94,97
1.69,58
1.75,70
1.94,104
1.65,49
1.68,52
1.68,70
1.6,51
1.53,50
1.8,71
1.83,79
1.85,88
1.75,51
1.7,84
1.72,62
2.09,101
1.71,74
1.69,64
1.66,54
1.9,86
1.74,69
1.96,89
1.81,82
1.65,64
1.82,79
1.68,58
1.84,77
1.84,78
1.9,90
1.8,88
1.67,67
1.82,78
1.63,57
1.91,90
1.9,86
2,87
1.72,73
1.86,80
1.8,68
1.81,82
1.89,85
1.73,69
1.83,90
2.07,104
1.6,54
1.67,55
1.67,56
1.58,70
1.75,110
1.7,67
0,0
1.73,63
1.74,58
1.58,46
1.62,51
1.69,63
1.8,77
1.71,60
1.85,70
1.62,56
1.64,52
1.83,82
1.68,62
1.85,104
1.76,78
1.91,90
1.99,99
2.09,93
1.68,71
1.77,78
1.8,66
1.82,0
1.76,70
1.72,63
1.84,70
1.73,75
1.68,64
1.59,44
1.7,68
1.94,88
1.7,55
1.67,63
1.84,76
1.77,63
2.11,113
1.74,68
1.85,84
1.95,92
1.78,74
1.76,52
1.83,90
1.74,76
1.64,54
1.65,60
1.73,59
1.64,0
1.8,70
1.76,68
1.56,58
1.85,90
1.7,55
1.91,94
1.76,69
1.8,83
1.94,90
1.76,78
1.81,66
1.81,70
1.72,60
1.65,52
1.56,58
1.74,65
1.68,0
1.83,100
2.08,120
1.88,95
2.03,160
1.69,57
1.75,67
1.68,56
1.6,56
1.72,70
1.92,82
1.76,63
1.45,45
1.86,86
1.65,74
1.71,72
1.81,76
1.75,70
1.95,79
1.85,73
1.66,0
1.88,76
1.83,82
1.87,90
1.75,0
1.82,70
1.86,80
1.67,69
1.61,58
1.8,73
1.62,53
1.74,66
1.66,64
1.73,69
1.85,90
1.81,76
1.7,64
1.8,71
1.54,48
1.7,75
1.84,78
1.61,64
1.85,65
1.96,100
1.72,65
1.7,73
0,0
1.73,70
1.71,61
1.71,69
1.64,63
1.65,61
0,0
1.81,64
1.9,78
1.61,54
1.8,77
1.61,59
1.81,69
1.56,50
1.67,62
1.65,58
1.64,60
1.66,59
1.96,75
1.63,52
1.93,84
1.83,75
1.78,69
1.87,83
1.84,93
1.98,104
1.88,82
1.8,90
1.86,80
1.87,84
0,0
1.78,68
1.7,57
1.82,58
1.74,81
1.76,78
1.62,48
1.83,82
1.88,110
1.9,88
1.85,74
1.7,60
1.76,67
1.87,100
1.88,75
1.98,87
1.6,85
1.86,75
1.71,65
1.85,78
1.93,73
1.78,71
1.66,55
1.83,78
1.78,76
1.7,69
1.75,66
1.83,65
1.76,60
1.65,71
1.77,63
1.62,59
1.82,70
0,0
1.75,60
0,0
1.56,46
1.67,58
1.71,61
1.55,49
1.79,67
1.67,60
1.6,45
1.7,60
0,0
1.88,59
1.68,53
1.82,85
1.75,69
1.69,56
1.7,60
1.66,63
0,0
1.62,51
1.75,65
1.68,54
1.64,51
0,0
0,0
1.75,69
1.67,60
1.47,50
1.6,62
1.85,75
1.88,88
1.68,70
1.7,75
1.7,71
1.63,0
1.82,81
1.8,125
1.81,71
1.89,100
1.51,48
1.67,58
1.69,63
2.01,107
1.88,138
1.7,78
1.76,70
1.91,80
1.75,57
1.8,81
1.68,56
1.97,97
1.69,58
1.77,56
1.72,53
1.72,92
1.65,50
1.63,58
1.8,58
1.86,78
1.85,65
1.66,47
1.8,89
1.7,56
1.78,77
1.76,94
1.7,53
1.92,80
1.7,68
1.8,0
1.7,0
1.75,59
1.74,64
1.63,63
1.97,76
1.78,65
1.68,49
1.68,60
1.56,64
1.7,60
1.72,63
1.8,78
1.77,69
1.77,119
1.99,93
1.66,68
0,0
1.87,68
1.33,53
1.81,68
1.5,0
1.51,55
1.6,55
1.83,73
1.55,48
1.69,62
1.63,50
1.98,79
1.82,81
1.82,85
1.68,71
1.68,69
1.65,57
1.69,62
1.6,58
1.72,67
1.55,68
1.68,53
1.83,59
1.76,70
1.52,46
1.58,59
1.9,75
1.7,62
1.75,64
1.8,80
1.79,76
1.8,66
1.89,73
1.9,81
1.88,85
1.75,0
1.74,0
1.64,60
1.58,64
1.91,74
1.63,54
1.6,50
2,92
1.82,75
1.8,56
1.73,73
1.84,84
1.93,74
1.7,68
1.8,72
1.78,73
1.95,80
1.75,64
1.65,68
1.78,112
1.68,59
1.65,60
1.63,50
1.69,76
1.78,75
1.7,65
1.87,85
1.66,50
1.61,57
1.95,88
1.73,61
1.8,77
1.62,68
1.82,63
1.88,75
1.62,57
1.88,90
1.76,68
1.79,61
2.05,100
1.7,81
1.82,74
1.7,59
1.63,51
1.85,83
2.07,98
1.91,87
1.65,63
1.78,71
1.75,79
1.85,77
1.63,62
1.96,83
1.6,63
1.65,61
1.53,53
1.74,61
1.64,53
1.6,71
1.65,52
1.72,56
1.85,79
1.55,56
1.55,59
1.61,48
1.7,60
1.72,58
1.7,65
1.93,69
1.75,75
1.7,65
1.73,60
1.63,52
1.74,80
1.78,58
1.86,65
2.05,110
1.74,59
1.95,98
1.7,70
1.8,84
1.63,53
1.67,55
2.08,106
1.7,58
1.7,62
1.76,78
1.72,67
1.63,65
1.87,88
1.78,75
1.8,75
2.05,97
1.75,66
1.74,72
1.71,65
1.75,80
1.73,61
1.6,47
1.75,90
1.83,69
1.7,73
1.8,77
1.72,59
1.57,50
1.76,64
1.65,51
1.75,77
1.72,64
1.73,63
1.67,58
1.55,48
1.82,82
1.65,60
1.82,68
1.94,94
1.6,59
1.72,73
1.79,76
1.58,48
1.57,57
1.64,55
1.65,53
2.01,95
1.9,84
1.63,63
1.78,77
1.96,99
1.9,93
2,102
1.7,65
1.97,100
1.78,72
0,0
1.72,70
1.72,53
1.63,51
1.68,70
1.67,54
1.9,89
1.79,58
1.59,65
1.73,62
1.73,68
1.66,59
1.69,70
1.78,83
1.7,63
1.67,56
1.73,74
1.6,60
1.82,68
1.5,57
1.85,72
1.79,65
1.63,49
1.73,65
1.88,115
1.67,54
1.88,68
1.83,99
1.7,61
1.55,48
1.67,61
1.8,75
1.67,59
1.93,81
1.81,82
1.8,77
1.6,50
1.65,59
1.78,76
1.85,75
1.83,69
1.73,68
1.57,51
1.85,79
1.6,0
1.65,53
1.66,69
1.7,64
1.57,57
1.8,91
1.86,94
1.81,76
1.95,84
1.68,57
1.85,82
1.85,72
1.9,90
1.8,66
1.74,76
1.8,71
1.77,78
1.85,88
1.85,72
1.55,48
1.78,66
1.7,58
1.73,58
1.73,56
1.8,64
1.77,77
1.72,63
1.77,55
1.86,67
1.75,69
1.75,63
1.73,58
1.72,66
1.9,82
1.7,61
1.9,72
1.73,57
1.8,62
1.82,56
1.67,70
1.9,86
1.78,75
1.7,67
1.6,47
1.74,58
1.87,75
1.63,65
2,91
1.83,72
1.77,76
1.77,55
1.7,59
1.78,65
1.7,57
1.68,53
1.63,59
1.79,81
1.61,55
1.9,90
1.71,85
1.65,60
1.86,68
1.8,68
1.78,65
1.6,61
1.73,67
1.62,70
1.76,66
1.73,62
1.66,69
1.83,80
1.84,72
1.95,101
1.58,54
1.45,46
1.54,53
1.98,88
1.78,78
1.92,80
1.73,71
1.8,57
1.95,80
1.73,66
1.88,88
1.96,70
1.71,65
1.6,62
1.79,79
1.88,88
1.87,60
1.58,52
1.87,82
1.72,67
1.75,70
1.72,68
1.8,69
1.78,63
1.93,87
1.8,75
1.88,86
1.68,57
1.85,79
1.66,67
1.83,103
1.83,80
1.83,60
1.65,60
1.65,50
2,140
2.03,104
1.83,95
1.85,92
1.72,59
1.91,81
1.94,87
1.78,68
1.95,95
1.95,95
1.73,82
2,84
1.68,57
1.88,84
1.78,74
1.72,60
0,0
1.66,60
1.9,140
1.73,68
0,0
1.98,130
1.77,77
1.7,0
1.65,58
1.7,68
1.65,57
1.86,59
1.6,44
1.71,66
1.65,61
1.57,46
1.69,66
1.81,76
1.9,75
1.75,73
1.79,81
1.73,61
1.76,62
1.74,63
1.63,55
1.9,88
1.7,72
1.83,75
1.76,70
1.6,54
1.75,68
1.84,79
1.79,62
1.7,56
1.8,75
1.69,60
1.6,61
1.89,80
1.75,96
1.7,60
1.96,92
1.61,75
1.84,87
1.7,62
1.66,58
1.77,100
1.63,57
1.64,54
1.83,88
1.6,54
1.68,60
1.86,90
1.7,67
1.66,55
1.78,64
1.85,75
1.92,85
1.68,60
1.9,70
1.82,76
1.81,81
1.7,64
1.86,80
1.8,74
1.84,95
1.65,0
1.8,80
1.64,55
1.73,70
1.8,75
1.65,62
1.9,78
1.68,0
1.93,79
1.88,75
1.86,73
1.68,67
1.85,82
1.65,50
1.7,70
1.63,60
1.7,58
1.71,62
1.88,82
1.81,72
1.73,65
1.7,55
1.75,70
1.43,34
1.8,70
1.75,55
1.76,62
1.55,48
1.77,70
1.84,95
1.82,75
1.85,100
1.75,62
1.68,56
1.78,83
1.7,58
1.75,60
1.72,63
1.74,66
1.81,83
1.81,74
1.75,55
1.73,66
1.88,72
1.71,60
1.9,71
1.84,89
1.73,57
1.85,74
1.75,71
1.93,0
1.72,77
1.65,59
1.84,68
1.96,110
1.87,81
1.77,68
1.7,55
2.02,77
1.81,78
1.73,69
1.88,78
1.66,58
1.89,79
1.62,60
1.76,64
1.88,75
1.94,87
1.6,50
1.95,98
1.68,63
1.78,66
1.75,70
1.71,70
1.7,59
1.72,62
1.57,48
1.67,55
1.71,65
1.76,66
1.84,71
1.85,72
1.88,83
1.86,78
1.68,0
1.78,73
2.13,113
1.8,75
1.71,59
1.67,57
1.68,63
1.72,0
1.48,36
1.64,72
1.87,78
1.77,65
1.7,62
1.88,85
1.78,70
1.67,58
1.66,62
1.85,72
1.64,65
1.8,76
1.75,69
1.68,51
1.78,63
1.67,51
1.65,65
1.63,58
1.85,80
1.72,0
1.8,69
1.67,0
1.69,63
1.82,115
1.7,65
1.69,77
1.83,79
1.7,64
1.85,88
1.7,55
1.67,54
1.71,70
1.67,58
1.67,60
1.76,60
1.75,105
1.62,62
1.88,87
1.83,73
1.88,67
1.85,63
1.82,75
1.72,51
1.63,51
1.74,72
1.74,71
1.88,81
1.75,72
1.6,55
1.7,67
1.88,70
1.86,73
1.62,52
1.75,63
1.66,63
1.69,57
1.77,62
1.67,61
1.69,59
1.75,66
1.95,83
1.9,84
1.62,70
1.7,71
1.8,84
1.72,64
1.85,0
1.67,53
2.18,115
1.66,59
1.95,94
1.83,75
1.92,74
1.71,63
1.67,60
1.86,78
1.72,63
1.65,60
2.06,102
1.6,58
1.82,73
2.17,95
1.63,54
1.8,0
1.62,49
1.66,55
1.86,84
1.86,122
1.85,85
1.72,60
1.78,0
1.85,85
1.84,80
1.83,75
1.74,68
1.74,69
1.5,56
1.67,59
1.55,50
1.66,63
1.82,65
1.93,96
1.7,50
1.82,85
1.7,45
1.71,59
1.7,63
1.72,62
1.6,49
1.92,78
1.65,59
1.7,62
1.75,73
1.97,85
1.72,85
1.78,62
1.69,65
1.69,57
1.65,50
1.93,77
1.75,81
1.83,87
1.74,63
1.6,45
1.6,54
1.72,71
1.79,76
1.73,65
1.77,66
1.88,63
1.65,59
1.63,58
1.61,53
1.91,81
1.8,77
1.88,75
1.9,82
1.65,51
1.67,52
1.9,85
1.82,128
1.73,120
1.72,85
1.86,83
1.68,62
1.87,73
1.84,75
1.95,78
1.59,52
1.78,87
1.59,62
1.92,86
1.83,70
1.75,0
1.78,77
1.93,69
1.8,70
1.8,55
1.82,66
1.8,70
1.88,78
1.68,60
1.75,67
1.9,87
1.6,50
1.83,105
1.7,58
1.78,63
1.8,67
1.91,85
1.8,66
1.86,72
1.74,60
1.67,57
2.04,100
1.8,100
1.62,48
1.82,68
1.56,48
1.72,77
1.69,70
1.76,62
1.7,68
1.85,70
1.67,51
1.68,58
1.88,70
1.74,65
1.72,73
1.62,51
1.76,61
1.8,67
1.82,63
1.7,61
1.71,60
1.81,73
1.7,55
1.78,62
1.66,60
1.78,94
2.01,78
1.77,73
1.6,45
1.71,65
1.75,62
1.66,55
1.78,67
1.75,65
1.78,76
1.85,90
1.74,70
1.64,57
1.51,53
1.76,63
1.78,70
1.75,61
1.4,33
1.61,51
1.8,97
1.83,78
1.78,105
1.62,61
1.83,77
1.63,59
2,92
1.66,62
1.68,54
1.63,69
2,91
1.65,60
1.8,76
1.81,71
1.78,69
1.72,50
1.51,35
1.77,70
1.65,60
1.75,75
1.78,65
1.48,37
1.75,63
1.64,67
1.7,61
1.75,65
1.64,62
1.58,52
1.77,63
1.85,83
1.68,58
1.9,85
1.76,62
1.8,65
1.64,66
1.9,65
1.88,90
1.74,67
1.67,62
1.82,72
1.79,67
1.75,70
2.03,107
1.78,55
1.74,68
1.78,72
1.7,65
1.64,58
1.85,64
1.73,71
1.76,62
1.73,60
1.78,72
1.66,78
1.85,78
1.73,60
1.95,75
1.9,87
1.73,55
1.87,74
1.75,65
1.75,55
1.91,80
1.87,105
1.77,76
2.14,100
1.72,65
1.75,55
1.7,61
1.8,55
1.75,105
1.84,78
1.68,57
1.88,120
1.78,77
1.68,69
1.8,73
1.85,76
1.6,52
1.82,67
1.9,75
1.77,70
1.72,62
1.68,61
1.8,75
1.9,0
1.71,64
1.89,76
1.73,0
1.59,50
1.65,58
1.9,83
1.76,65
1.76,63
1.85,82
1.75,57
1.8,67
1.76,75
1.58,68
1.73,95
1.83,76
1.82,75
1.84,80
1.83,0
1.9,65
1.82,0
1.69,67
1.71,78
1.7,63
1.59,55
1.84,80
1.78,0
1.71,92
1.73,73
1.52,48
1.54,0
1.84,78
1.82,78
1.77,79
1.84,78
0,0
0,0
0,66
1.63,48
1.81,74
1.7,70
1.6,62
1.65,100
1.7,67
1.7,82
1.83,67
1.67,60
1.88,74
1.6,82
1.6,63
1.68,69
1.56,51
1.76,75
1.74,76
1.74,75
1.81,81
1.75,68
1.64,64
1.63,62
1.58,46
1.84,72
1.76,67
1.68,66
1.74,65
1.78,65
1.8,75
1.82,74
1.83,76
1.86,85
1.6,59
1.61,55
1.59,52
1.57,48
1.56,50
1.74,60
1.68,67
1.85,70
1.63,0
1.88,85
1.79,72
1.82,72
1.7,58
1.79,71
1.84,77
1.57,58
1.67,55
1.69,62
1.78,67
1.65,56
1.68,68
1.65,69
1.65,60
1.7,64
1.64,52
1.62,60
1.68,69
1.73,64
1.57,54
1.82,90
1.91,80
1.8,70
1.72,59
1.75,60
1.65,58
1.59,56
1.85,73
1.8,77
1.66,53
1.6,0
1.61,62
1.68,64
1.72,66
1.67,58
1.7,64
1.71,68
0,0
1.82,76
1.64,54
1.8,62
1.67,58
2.05,102
1.86,85
1.78,78
1.68,58
1.72,0
1.86,77
1.74,65
1.6,54
1.84,0
1.83,76
1.85,82
1.65,58
1.5,47
1.83,77
1.62,60
1.64,60
1.57,52
1.61,61
1.54,56
1.58,57
1.68,69
1.69,52
1.59,58
1.66,60
1.86,81
1.65,69
1.87,76
1.7,62
1.54,54
1.68,65
1.69,61
1.58,50
1.55,60
1.8,90
1.72,52
1.57,63
1.7,58
1.82,84
1.64,54
1.65,60
1.6,50
1.64,56
1.66,63
1.72,64
1.7,63
1.66,70
1.7,62
1.84,82
1.77,69
1.59,62
1.78,58
1.9,75
1.68,70
1.71,63
1.93,92
1.6,50
1.6,46
1.7,100
1.67,58
1.85,74
1.8,82
1.75,64
1.71,65
1.77,69
1.64,59
1.7,61
1.7,61
1.55,57
1.72,60
1.61,52
1.8,82
1.62,74
1.72,68
1.86,76
1.79,74
1.62,57
1.73,66
1.68,52
1.66,59
1.76,65
1.65,0
1.76,70
1.57,44
1.77,60
1.6,62
1.8,75
1.88,0
1.7,58
1.82,77
1.78,70
1.69,49
1.83,73
1.68,56
1.73,59
1.79,65
1.63,58
1.73,73
0,0
1.65,62
1.75,70
1.82,111
1.68,63
1.7,85
1.64,58
1.74,73
1.78,57
1.72,55
1.86,87
1.68,62
1.85,85
2,115
1.9,90
1.71,70
1.93,71
2,103
1.85,78
1.72,78
2.05,115
1.89,97
2.07,110
2.11,120
1.98,100
1.73,70
1.97,0
1.99,93
2.01,114
1.7,68
1.86,90
1.75,0
1.91,91
1.73,70
1.96,109
1.78,78
1.83,73
1.89,95
1.94,103
1.94,112
1.97,100
1.93,105
2.03,112
1.98,92
1.78,82
1.95,90
1.97,105
1.7,57
1.97,100
1.7,52
2.02,94
1.95,90
1.82,90
1.95,106
1.9,78
2.03,98
1.82,82
1.58,55
1.75,72
1.69,51
1.98,89
1.86,80
2.03,100
1.85,82
2.07,105
2.01,85
2.1,112
1.96,109
2.02,109
2.03,95
1.88,95
1.73,52
1.77,61
1.8,72
2.13,121
1.8,82
1.82,77
1.8,82
1.86,85
1.95,88
1.83,85
2,93
1.7,74
1.83,67
1.7,75
1.93,134
1.66,85
1.76,66
1.78,81
1.87,93
1.72,61
2.03,105
1.79,86
1.71,76
1.87,90
1.91,80
1.89,87
1.65,65
1.86,110
1.69,75
1.66,73
1.98,108
1.7,75
1.78,0
1.62,57
1.79,90
1.84,77
1.58,52
1.71,60
2.02,90
1.5,48
1.75,70
1.49,59
1.81,72
1.87,88
1.59,63
1.63,57
1.92,0
1.82,79
0,0
1.73,70
1.86,91
1.65,54
1.8,82
1.6,59
1.85,97
1.98,89
2,84
1.82,76
1.52,0
1.8,78
1.84,77
1.86,78
1.9,100
1.89,100
1.88,72
1.84,64
1.83,86
1.82,0
1.73,0
1.91,83
1.86,72
1.92,0
1.81,68
1.68,78
1.7,68
1.66,52
1.68,57
1.9,70
1.67,69
1.68,58
1.7,74
2.01,96
1.79,69
1.76,73
1.6,63
1.43,41
1.63,63
1.55,62
1.8,92
1.68,60
1.74,61
1.89,75
1.7,66
1.98,130
1.8,81
2,81
1.89,88
1.88,88
2.02,90
1.95,83
1.83,68
2.02,87
1.73,72
1.9,71
1.72,76
1.8,86
1.7,72
1.9,78
1.82,85
1.74,79
1.63,58
1.62,0
1.87,106
1.83,83
1.82,0
1.65,53
1.69,49
1.69,49
1.7,94
1.95,99
1.75,74
1.72,71
1.75,74
1.74,78
1.74,74
1.8,71
1.61,61
1.9,98
1.75,0
1.68,66
1.67,57
1.77,79
1.81,77
1.68,84
1.83,78
1.83,72
1.95,84
1.7,66
1.6,0
1.96,85
1.52,57
1.65,66
1.72,75
1.7,65
1.64,58
1.75,70
1.81,74
1.62,50
1.78,85
1.66,53
1.86,110
1.94,74
1.77,62
1.94,90
1.96,74
1.8,64
1.67,60
1.87,82
1.83,82
1.7,63
1.65,50
1.9,92
1.71,60
1.71,67
1.96,89
1.72,65
1.74,63
1.83,58
1.8,79
1.65,54
1.75,56
1.82,80
1.65,62
1.77,68
1.78,79
1.75,68
1.9,93
1.83,76
1.75,63
1.85,78
1.78,70
1.62,48
1.89,89
1.77,70
1.73,78
1.6,53
1.68,58
1.83,72
1.99,100
1.91,93
1.84,75
1.84,82
1.86,78
1.83,76
1.79,68
1.83,85
1.82,70
1.7,62
1.8,78
1.99,86
1.88,77
1.85,85
1.92,80
1.75,73
1.81,127
1.73,69
1.9,91
1.73,68
1.82,82
2.02,115
1.92,80
1.73,63
1.73,63
1.64,52
1.93,103
1.68,53
1.77,73
1.73,64
1.77,70
1.78,62
1.63,52
1.93,82
1.78,70
1.77,67
1.75,60
1.78,65
1.89,89
1.97,105
1.86,110
1.95,82
1.87,90
1.86,74
1.8,68
1.8,83
1.74,64
1.9,75
1.91,80
1.84,83
1.81,72
1.6,68
1.78,68
1.99,105
1.81,72
1.95,87
1.85,83
1.76,66
1.7,64
2,100
1.92,92
1.95,90
1.8,70
1.81,68
1.94,84
1.86,78
1.64,57
1.76,66
1.67,54
1.9,125
1.68,50
1.71,70
1.83,82
1.79,75
1.86,93
1.83,72
1.73,63
1.75,57
1.72,62
1.73,67
1.75,62
1.66,60
1.8,80
1.86,74
1.78,65
1.9,80
1.85,70
1.72,68
1.66,52
1.73,66
1.83,86
1.68,54
1.75,60
1.7,68
1.74,63
1.86,74
1.92,89
1.84,75
1.85,78
1.79,65
1.88,75
1.9,88
1.8,70
1.86,74
1.91,82
1.7,68
1.84,65
1.86,81
1.78,68
1.85,75
1.8,79
1.87,71
1.92,91
1.83,79
1.69,70
1.84,79
1.84,78
1.87,73
1.88,88
1.87,79
1.7,66
1.97,102
2,105
1.76,70
1.88,73
1.83,74
1.82,73
1.83,69
1.84,76
1.95,95
1.8,72
1.66,60
1.84,78
1.95,95
1.8,95
1.99,100
1.7,62
1.88,78
1.86,102
1.81,77
1.84,75
1.73,61
1.77,65
1.83,71
1.85,75
1.9,88
1.95,95
1.73,70
1.67,56
1.8,73
1.85,85
1.84,75
1.75,65
1.79,71
1.83,75
1.87,81
1.97,93
1.91,81
1.88,106
1.83,75
1.94,94
1.7,68
1.77,80
1.85,75
1.9,84
1.92,92
1.82,82
1.85,68
1.96,98
1.83,73
1.84,95
1.71,67
1.94,88
1.77,65
1.79,75
2.01,102
1.8,74
1.89,95
1.83,72
1.85,67
1.83,76
1.89,82
1.7,58
1.87,77
1.73,72
1.88,92
2,105
1.74,61
1.83,78
1.71,57
1.77,64
1.79,74
1.77,68
1.7,68
1.93,86
1.7,72
1.7,59
1.63,79
1.87,81
1.77,70
1.82,90
1.82,77
1.94,88
1.94,87
1.93,85
1.6,60
1.75,66
1.9,70
1.8,70
1.55,55
1.7,63
1.85,70
1.73,65
1.85,83
1.68,56
1.5,48
1.7,63
1.79,67
1.86,55
1.71,84
1.73,66
1.73,0
1.73,50
1.71,58
1.86,75
1.7,0
1.63,55
1.48,56
1.83,65
1.83,57
1.61,52
1.86,70
1.71,61
1.91,79
1.63,62
1.73,65
1.73,66
1.71,60
1.68,73
1.66,62
1.71,60
1.58,58
1.83,64
1.92,90
1.61,62
1.7,66
1.66,59
1.63,56
1.65,61
1.75,68
1.68,57
1.78,75
1.87,0
1.56,0
1.9,92
1.75,68
1.6,49
1.77,71
1.65,63
1.86,163
1.92,0
1.78,80
1.83,0
1.7,60
1.77,58
1.52,54
1.61,57
1.62,54
1.55,47
1.84,0
1.77,68
1.65,55
1.66,55
1.67,69
1.71,71
1.45,43
1.65,61
1.55,48
1.71,60
1.65,54
1.64,57
2.1,88
1.76,80
1.93,95
1.76,120
1.85,0
1.6,66
1.63,75
1.88,89
1.97,87
1.65,60
1.94,92
1.88,80
1.72,80
1.97,80
1.83,84
1.81,79
1.75,60
1.85,144
1.7,73
1.65,85
1.74,81
1.6,62
1.9,95
1.88,87
1.82,78
1.9,83
1.85,75
0,0
1.86,86
1.81,72
1.72,77
1.95,91
1.69,59
1.77,125
1.66,59
0,0
1.63,54
1.65,69
1.85,80
1.5,62
1.73,63
0,0
1.65,64
1.8,105
1.92,68
1.65,62
1.54,59
1.75,65
1.76,77
1.71,96
0,0
1.68,58
1.74,57
1.8,0
2.03,97
1.91,82
1.73,77
1.95,105
1.62,51
1.83,87
1.78,70
1.88,90
1.98,99
1.6,46
1.72,61
1.65,54
1.76,0
1.65,75
1.92,85
2.07,90
1.89,80
1.94,93
1.83,77
1.6,65
1.72,68
1.75,81
1.78,75
1.65,86
1.86,72
1.99,80
1.8,74
1.72,62
1.84,75
1.88,78
1.87,89
1.65,77
1.86,85
2.11,105
1.7,73
1.84,71
1.84,78
1.68,58
1.8,71
1.68,53
1.62,54
1.7,69
1.69,55
1.64,49
1.67,58
1.73,60
1.96,93
1.85,77
1.91,104
1.7,93
1.88,100
1.69,76
1.75,75
1.6,49
1.7,75
1.7,57
1.7,60
1.55,68
1.75,65
1.6,124
1.6,50
1.66,57
1.8,75
1.67,0
1.85,111
1.86,82
1.65,50
1.65,88
1.68,58
1.77,59
0,0
0,0
0,0
0,0
0,0
0,0
1.8,56
0,0
0,0
1.6,54
1.8,78
1.79,81
1.59,62
1.64,63
0,0
0,0
0,0
0,0
1.72,64
1.8,62
1.75,67
1.82,71
1.93,89
1.62,65
1.7,58
1.7,60
1.8,88
1.6,48
1.83,78
1.91,68
1.89,86
1.68,65
1.84,78
1.88,80
1.8,115
1.98,105
1.75,54
1.77,63
1.65,50
1.98,93
1.83,78
1.8,80
1.75,62
1.82,86
1.68,68
1.61,60
1.77,69
1.78,79
1.79,63
1.71,68
1.51,45
1.69,59
1.86,80
1.74,76
1.8,75
1.6,48
1.72,83
1.73,68
1.65,60
1.76,60
1.8,66
1.7,65
1.7,68
1.84,76
1.76,61
1.69,55
1.95,68
1.67,56
1.63,55
1.96,106
1.6,50
1.62,61
1.76,58
1.76,64
1.63,53
1.67,60
1.64,54
1.79,71
1.57,50
1.73,73
1.87,87
1.82,71
2.04,139
1.8,78
1.8,70
1.94,88
1.66,58
1.62,61
1.65,61
1.71,65
1.65,60
1.88,120
1.74,68
1.6,53
1.72,72
1.71,58
1.72,65
1.64,48
1.72,60
1.82,86
1.78,68
1.73,66
1.7,59
1.88,90
1.66,61
1.82,78
1.9,88
1.78,70
1.84,75
1.82,64
1.75,73
1.66,69
1.89,76
1.63,50
1.83,81
1.8,59
1.73,67
1.83,79
1.69,51
1.67,73
1.92,81
1.75,68
1.81,68
1.77,61
1.7,56
1.63,50
1.68,60
1.76,57
1.8,60
1.66,60
2.04,109
1.78,67
1.7,60
1.8,76
1.71,58
1.81,80
1.85,83
1.6,60
1.73,78
0,0
1.84,72
1.73,56
1.6,53
1.85,80
1.68,64
1.9,94
1.95,105
1.63,63
1.92,82
1.81,81
1.6,63
1.88,90
1.77,78
1.73,68
1.9,80
1.89,82
1.98,103
1.94,92
1.77,73
1.88,100
1.87,110
1.86,83
1.78,70
1.87,117
1.64,51
1.68,59
1.85,58
1.86,70
1.7,62
1.82,86
1.69,59
1.81,80
1.85,68
1.72,61
1.72,64
1.76,63
1.8,83
1.73,75
1.7,74
1.72,67
1.83,74
1.68,67
1.91,90
1.75,77
1.56,56
1.85,83
1.94,93
1.93,82
1.65,58
1.73,70
1.5,48
1.65,61
1.71,53
1.69,58
1.71,56
1.81,69
1.84,74
1.7,58
1.91,78
1.6,52
1.71,65
1.9,90
1.85,74
1.8,72
1.77,62
1.69,74
1.78,75
1.87,120
1.72,74
1.73,53
1.63,51
1.96,93
1.7,67
1.61,55
1.88,90
1.84,78
1.78,67
1.74,70
1.85,94
1.88,92
1.7,64
1.88,75
1.82,86
1.84,82
1.7,70
1.67,63
1.67,61
1.74,63
1.7,62
1.64,56
1.72,76
1.69,73
1.68,64
1.64,55
1.73,68
1.8,80
1.78,63
1.87,76
1.76,66
1.81,73
1.68,64
1.7,75
1.8,71
1.88,95
1.74,67
1.79,68
1.8,84
1.81,70
1.7,72
1.93,80
1.89,89
1.7,59
1.64,52
1.73,70
1.79,90
1.75,70
1.67,64
2.08,100
1.73,52
1.82,77
1.9,86
1.77,68
1.82,93
1.74,74
1.75,83
1.93,88
1.85,76
1.78,66
1.8,78
1.63,64
1.63,59
1.65,56
2.15,115
1.73,69
1.85,77
1.9,86
1.87,98
1.71,66
1.75,58
1.77,75
1.87,83
1.85,79
1.68,58
1.69,71
1.88,110
1.93,82
1.83,76
1.8,78
1.62,61
1.59,54
1.83,85
1.95,105
1.71,62
1.96,84
1.91,72
1.78,90
1.83,83
1.62,0
1.68,51
1.65,66
1.92,98
1.78,63
1.74,69
1.74,74
1.86,78
1.76,80
1.9,91
1.91,80
1.72,71
1.67,64
1.69,62
1.73,60
1.72,66
1.76,84
1.74,70
1.66,64
1.67,63
1.72,69
1.62,49
1.72,68
1.81,70
1.81,74
2.06,107
1.87,82
2.1,115
1.68,62
1.8,70
1.65,65
1.8,74
1.82,0
1.73,73
1.9,95
1.84,90
1.72,64
1.81,102
2,100
1.7,76
1.74,61
1.96,125
1.78,100
1.72,59
1.93,116
1.63,57
1.7,54
1.9,80
1.76,70
1.76,61
1.78,75
1.9,82
1.94,95
1.64,62
1.69,63
1.92,76
1.8,74
1.69,51
1.7,70
1.65,48
1.74,67
1.64,48
1.63,48
1.92,90
1.88,84
1.69,65
1.85,149
1.82,77
1.98,119
1.91,93
1.79,70
1.87,77
1.76,70
1.85,75
1.89,94
1.81,69
1.78,66
1.83,95
1.84,70
1.98,104
1.65,54
1.7,63
1.66,47
1.83,68
1.65,52
1.72,56
1.76,58
1.61,49
1.8,64
1.8,58
1.68,49
1.75,67
1.6,43
1.68,52
1.63,50
1.71,52
1.71,56
1.75,64
1.73,53
1.68,53
1.56,45
1.81,61
1.65,58
1.71,60
1.6,55
1.76,81
0,0
1.67,52
1.77,66
1.81,59
1.92,68
0,0
1.68,53
1.62,52
1.66,50
1.75,63
1.65,52
1.67,48
1.85,88
1.62,55
1.75,67
1.92,98
1.37,69
1.6,58
1.7,72
1.86,92
1.9,96
1.7,88
1.95,98
1.74,81
1.7,69
1.75,81
1.69,67
1.8,108
1.86,87
1.65,57
1.98,109
1.83,102
1.8,76
1.75,63
1.51,56
0,0
0,94
1.74,73
1.67,60
1.74,90
1.76,66
0,69
1.7,73
1.75,72
1.72,75
1.9,105
1.94,115
1.7,70
1.75,80
0,84
1.86,88
1.78,76
1.96,96
1.89,105
1.92,98
1.75,73
1.8,77
1.87,88
0,0
1.75,70
1.6,55
1.92,77
1.71,81
1.96,106
1.65,70
0,0
1.8,62
1.68,50
1.62,62
1.89,86
1.85,100
2.08,92
1.91,87
1.67,66
1.85,96
1.68,48
0,0
1.73,56
1.74,60
1.88,69
1.82,80
1.7,65
1.66,60
1.9,84
1.85,68
1.76,62
1.64,58
1.95,93
1.97,98
1.87,81
1.63,85
1.76,67
1.69,54
1.65,0
1.7,60
1.77,71
1.54,53
1.68,59
1.74,63
1.7,62
1.81,71
1.63,64
1.8,92
1.83,82
1.81,75
1.63,47
1.69,72
1.69,63
1.64,57
1.55,57
1.94,96
1.73,63
1.95,94
1.7,73
1.67,69
1.69,59
1.66,55
1.81,63
1.74,93
1.81,68
1.85,84
2.02,105
1.67,58
1.77,73
1.7,82
1.8,80
1.93,100
1.84,90
1.72,78
1.73,60
1.73,63
1.81,66
1.71,64
1.78,64
1.68,64
1.63,0
1.64,54
1.73,78
1.77,61
1.7,69
1.93,86
1.74,69
2,102
1.8,74
1.8,70
1.74,59
1.73,67
1.64,65
1.7,60
1.53,45
1.77,78
1.69,57
1.8,63
1.71,57
1.72,71
1.95,89
1.82,76
1.66,54
1.89,83
1.74,84
1.86,86
1.83,73
1.94,80
1.63,69
1.76,66
1.69,69
1.69,60
2.03,115
1.8,75
1.72,66
1.68,60
1.8,66
1.65,58
2,85
1.59,56
1.77,61
1.72,65
1.7,66
1.77,54
1.74,65
1.92,110
1.7,59
1.56,53
1.97,104
1.69,57
1.75,64
1.64,57
1.72,65
1.62,43
1.75,0
1.9,74
1.67,59
1.73,63
1.64,66
1.72,64
1.87,75
1.71,62
1.8,67
1.7,74
1.7,64
1.71,62
1.84,75
1.89,108
1.85,95
1.89,72
1.89,84
1.89,93
1.61,57
1.69,60
1.81,76
1.81,80
1.81,70
1.95,90
1.94,101
1.76,56
1.7,0
1.63,54
1.82,69
1.66,63
1.77,70
1.68,60
1.7,97
1.55,44
1.8,75
1.88,87
2.03,105
1.91,80
1.78,83
1.71,65
1.68,0
1.78,67
1.85,86
1.61,58
1.92,87
1.7,65
1.66,63
1.8,57
1.99,99
2.01,103
1.66,53
1.83,70
1.58,60
2.03,94
1.84,70
1.8,88
1.88,84
1.93,84
1.77,70
1.74,74
1.91,83
1.71,65
1.95,90
1.62,70
1.83,70
1.77,85
1.72,69
1.71,66
1.81,100
1.8,70
1.96,84
1.72,64
1.87,71
1.77,75
1.78,88
1.68,62
1.76,66
1.9,81
1.83,0
1.97,89
1.79,66
1.7,69
1.95,90
1.9,85
1.9,104
1.63,63
1.9,80
1.89,85
1.8,83
1.86,78
1.77,77
1.7,53
1.88,85
1.69,59
1.57,58
1.78,71
1.87,74
1.78,83
1.85,78
1.75,65
1.81,83
1.9,87
1.61,53
1.8,73
1.88,83
1.88,93
2.09,115
1.94,100
1.95,100
2.03,100
1.83,75
1.87,74
1.84,78
1.7,51
1.73,62
1.8,68
1.7,80
1.8,75
1.67,62
1.85,88
1.68,54
1.68,57
1.85,70
1.59,57
1.77,70
1.72,66
1.86,83
1.65,60
1.77,94
1.83,63
2.09,98
1.86,77
1.76,66
1.82,70
2,85
1.79,69
1.71,70
2.11,105
1.84,66
1.63,50
1.87,78
1.5,48
1.73,61
1.73,60
1.75,60
1.78,65
1.68,55
1.78,60
1.58,55
1.69,69
1.74,67
1.68,65
1.75,64
1.6,51
1.77,81
1.86,76
1.68,56
1.67,55
1.82,86
1.8,80
1.98,100
1.95,88
1.8,67
2.02,108
1.93,84
1.9,75
1.89,79
1.84,70
1.86,72
1.83,92
1.65,55
1.69,62
1.68,69
1.72,64
1.83,64
1.72,61
1.73,58
1.71,58
1.72,65
1.81,72
1.65,52
1.71,68
1.81,71
1.85,74
1.71,63
1.9,84
1.6,50
1.6,52
1.77,61
1.64,53
1.71,68
1.63,52
1.77,60
1.85,0
1.98,100
1.76,70
1.85,102
1.73,70
1.66,62
1.72,67
1.67,58
1.94,94
1.75,75
1.7,68
1.91,94
1.72,62
1.92,101
1.91,99
1.72,60
1.8,85
1.68,61
1.76,80
1.79,79
1.78,75
2.01,90
1.79,86
1.75,65
1.96,90
2.03,105
1.75,68
2.06,115
1.9,82
1.98,93
1.75,62
1.94,104
1.81,82
1.8,73
1.64,53
1.89,86
1.34,37
1.89,85
1.89,0
1.57,53
1.64,52
1.84,84
1.75,55
1.55,47
1.92,100
1.77,58
1.73,63
1.75,73
1.83,95
1.82,74
1.86,72
1.76,65
1.84,130
1.86,90
1.71,69
1.85,68
1.89,79
1.64,52
1.9,82
1.98,100
1.77,71
1.65,59
1.76,80
1.84,64
1.95,100
1.63,66
2.15,113
1.71,62
1.92,97
1.6,55
1.67,66
1.6,60
1.69,58
1.65,53
1.93,83
1.73,69
1.75,68
1.76,69
1.8,65
1.57,0
1.75,67
1.75,71
1.69,64
1.86,90
1.72,65
1.72,68
1.82,77
1.72,64
1.73,63
1.86,0
1.74,0
1.79,0
1.81,66
1.81,85
1.66,60
1.69,55
1.65,78
1.74,75
1.76,74
1.79,80
1.84,77
2.03,139
1.69,65
1.9,90
1.89,82
1.87,70
1.93,85
1.92,98
1.71,60
1.92,93
1.83,70
1.75,69
1.88,83
1.7,65
1.8,82
1.86,105
1.86,80
2,0
1.99,89
1.78,64
1.9,94
1.81,73
1.95,84
1.9,92
1.94,90
1.8,77
1.84,72
1.7,57
1.8,69
1.78,78
1.89,100
1.73,80
1.77,65
1.7,63
1.85,87
1.65,60
1.84,62
1.87,70
1.78,78
1.92,85
1.65,57
2.01,80
1.97,100
1.72,52
1.72,58
1.85,66
1.74,59
1.75,80
1.53,68
1.53,65
1.61,0
1.53,70
1.53,57
1.9,97
1.7,65
1.8,80
1.56,53
1.77,77
1.72,80
0,0
0,0
0,0
0,0
1.76,71
1.69,70
1.78,75
1.93,88
1.72,58
1.71,66
1.81,84
1.91,96
1.92,96
1.83,76
1.98,97
1.67,56
1.72,69
1.65,65
1.65,65
1.82,70
1.84,70
1.55,43
1.58,52
1.52,47
1.67,69
1.75,64
1.9,84
1.92,97
1.82,71
1.89,88
1.88,85
1.74,72
1.95,94
1.79,0
1.78,76
1.64,67
1.75,69
1.7,73
1.68,60
1.76,70
1.64,50
1.89,92
1.75,73
1.85,100
1.7,51
1.82,74
1.69,56
1.9,82
1.65,62
1.72,62
1.66,60
1.79,62
1.87,93
1.86,66
1.74,59
1.82,86
1.63,60
1.7,70
1.82,70
1.68,62
1.7,57
1.65,57
1.82,81
1.68,62
1.83,80
1.94,80
1.78,72
1.88,115
1.94,72
1.8,0
1.73,73
1.78,63
1.84,84
1.72,70
1.85,69
1.79,63
1.78,68
1.7,65
1.37,43
1.88,78
1.7,71
1.9,92
1.83,80
1.82,74
1.76,86
1.8,85
1.88,80
1.83,78
1.67,58
1.84,84
1.84,73
1.65,64
1.8,79
1.72,61
1.88,82
1.8,79
1.88,76
1.8,73
1.8,68
1.71,64
1.64,55
1.98,95
1.78,69
1.91,74
1.76,78
1.85,79
1.8,80
1.7,60
1.76,53
1.67,64
1.69,68
1.68,56
1.58,58
1.68,55
1.65,68
1.83,77
1.73,58
1.81,79
1.65,60
1.57,50
1.73,75
1.69,70
1.93,80
1.71,64
1.78,75
1.67,0
1.58,0
1.65,69
1.95,96
1.92,92
1.74,63
1.75,64
1.6,62
1.83,70
1.97,95
1.76,73
1.91,78
1.69,67
1.86,64
1.88,92
1.72,67
1.65,53
1.57,50
1.78,87
1.84,81
1.68,71
1.7,0
1.81,72
1.68,63
1.77,67
1.69,55
1.65,55
1.76,75
1.65,65
1.75,67
1.83,79
1.75,76
1.91,80
1.94,91
1.88,88
1.85,72
1.93,78
1.68,72
1.67,57
1.82,88
1.85,74
1.87,88
1.81,98
1.79,81
1.88,84
1.95,105
1.95,98
1.9,84
1.84,74
1.63,55
1.78,81
1.6,61
1.76,62
1.75,80
1.77,70
1.68,52
1.78,75
1.65,57
1.72,62
1.65,61
1.8,69
1.63,50
1.79,74
1.73,65
1.97,0
1.8,69
1.92,95
1.61,70
1.8,80
1.81,70
1.91,93
1.86,72
1.86,78
1.82,76
1.75,0
1.78,0
1.85,0
1.93,89
1.79,75
1.83,68
1.75,65
1.61,66
1.72,58
1.57,55
1.83,78
1.78,70
1.68,56
1.79,71
1.7,72
1.67,70
1.67,58
1.77,66
1.68,0
1.58,60
1.8,78
1.78,68
1.89,81
1.8,81
1.69,65
1.76,62
1.61,49
1.64,56
1.52,55
1.72,56
1.75,59
1.7,0
1.85,85
1.87,77
1.95,0
1.71,59
1.82,81
1.81,85
1.86,67
1.7,70
1.66,51
1.79,65
1.8,78
1.72,70
1.68,63
1.87,81
1.67,59
1.91,80
1.74,58
1.68,62
1.96,100
1.75,80
1.83,78
1.77,88
1.74,68
1.88,71
1.83,89
1.75,70
1.84,112
1.8,82
1.89,96
1.98,81
1.95,95
1.94,93
1.94,78
1.68,78
1.67,56
1.84,75
1.76,77
1.82,66
1.72,69
1.75,58
2.02,110
1.76,66
1.78,68
1.73,0
1.69,76
1.75,77
1.65,62
1.78,71
1.57,60
1.87,86
1.8,71
1.88,112
1.75,76
1.79,80
1.75,76
1.64,0
1.68,63
1.72,65
1.76,72
1.76,60
1.66,60
1.7,55
1.85,80
1.8,83
1.81,73
1.67,54
1.81,73
1.82,0
1.83,84
2.07,100
1.76,80
1.97,100
1.86,72
1.9,90
1.72,55
1.8,92
1.78,82
1.68,68
1.85,76
1.7,0
1.86,74
1.77,70
1.91,0
1.56,54
1.66,61
1.71,66
1.63,69
1.75,70
1.83,74
1.83,78
1.82,82
1.9,84
1.78,64
1.84,80
1.91,81
1.73,58
1.83,76
1.9,93
1.62,56
1.67,70
1.91,103
1.99,102
1.78,75
1.74,60
1.69,62
1.86,74
1.6,53
1.76,68
1.81,0
1.96,96
1.8,70
1.75,63
1.73,60
1.72,64
1.65,69
1.84,81
1.73,64
1.62,47
1.78,94
1.73,68
1.64,58
1.7,75
1.83,83
1.68,57
1.9,75
1.86,76
1.83,78
1.72,84
1.97,97
1.68,61
1.77,70
1.75,70
1.82,76
1.92,72
1.78,54
1.79,63
1.78,85
1.98,101
1.62,58
1.72,56
1.68,56
1.73,76
1.86,73
1.96,80
1.98,100
1.72,58
1.76,70
1.67,74
1.72,97
1.82,80
1.75,81
1.64,48
1.89,130
1.62,64
1.69,87
1.82,80
1.71,67
1.75,95
1.86,115
1.71,68
1.87,105
1.74,75
1.98,125
1.78,105
1.87,130
1.78,77
1.82,136
1.74,80
1.75,79
1.62,69
1.7,75
1.97,157
1.84,73
1.72,55
1.85,80
1.68,58
1.76,98
1.8,85
1.68,47
1.8,85
1.93,88
1.7,66
1.64,52
1.8,75
1.76,63
1.87,94
1.67,66
1.7,57
1.77,80
1.77,85
1.83,75
1.71,68
1.7,63
1.63,56
1.82,82
1.68,65
1.85,84
1.78,74
1.81,70
1.74,65
1.8,63
1.8,64
1.91,138
1.77,73
1.83,149
1.8,71
1.96,84
1.71,56
1.91,125
1.74,80
1.8,70
1.67,60
1.96,94
1.77,81
1.72,65
1.98,110
1.73,68
1.72,70
1.68,58
1.6,48
1.65,48
1.7,60
1.8,73
1.64,51
1.7,58
1.73,68
1.67,59
1.67,58
1.83,69
1.66,58
1.75,63
1.73,61
1.73,61
2.02,104
1.8,0
1.72,0
1.84,85
1.71,64
1.62,72
1.7,65
1.75,85
1.78,70
1.92,91
1.86,78
1.85,75
1.83,62
1.71,60
1.67,57
1.78,65
1.68,58
1.73,72
1.66,56
1.78,77
1.73,64
1.68,68
1.89,80
1.82,82
2.03,105
1.84,82
1.88,83
1.84,90
1.9,78
1.79,68
1.86,84
1.85,63
1.75,79
1.8,115
1.71,63
1.93,80
2.07,123
1.91,66
1.8,77
1.92,88
1.78,70
1.7,51
1.75,65
1.93,85
1.67,64
1.96,74
1.8,100
1.9,76
2.07,120
1.71,61
1.66,48
1.91,0
1.98,117
1.92,82
1.84,90
1.66,53
1.86,78
1.88,83
1.79,67
1.69,63
1.96,78
1.71,55
1.9,128
1.97,92
1.74,63
1.61,57
1.81,61
1.68,63
1.93,100
1.93,87
1.85,80
1.91,0
1.65,70
1.64,68
1.87,72
1.94,94
1.7,57
2,102
1.9,92
1.76,62
2.1,115
1.88,105
1.85,74
1.81,63
1.8,70
1.85,70
1.74,74
1.73,70
1.72,63
1.72,62
1.76,70
1.76,63
1.67,51
1.7,56
1.9,80
1.82,78
1.68,62
1.78,64
1.7,0
1.73,67
1.83,75
1.91,93
1.93,92
1.75,58
2.03,103
1.83,79
1.79,80
1.84,64
1.83,80
1.76,76
1.72,58
1.67,57
1.69,66
1.75,64
1.73,58
1.95,83
1.8,75
1.88,88
1.96,91
1.94,90
1.7,60
1.69,55
1.68,56
1.75,69
1.85,80
1.78,127
1.78,72
1.75,68
1.8,64
1.83,70
1.82,77
1.85,90
1.72,64
1.93,82
1.92,84
1.88,103
1.83,73
1.75,68
1.92,98
1.68,65
1.83,78
1.7,71
1.67,48
1.85,82
1.83,66
1.77,76
1.76,76
1.91,98
1.98,110
1.75,105
1.92,95
1.9,88
1.64,56
1.9,100
1.88,103
1.79,66
1.88,82
1.7,61
1.72,60
1.68,72
1.83,69
1.79,75
1.77,70
1.56,49
1.85,75
1.74,48
1.78,61
1.68,54
1.81,71
1.6,66
1.73,68
1.84,77
1.92,83
1.86,73
1.73,68
1.68,57
1.81,70
1.72,58
1.68,62
1.73,70
1.95,98
1.71,56
1.79,60
1.74,92
1.86,76
1.71,62
1.62,54
1.84,62
1.75,62
1.63,62
1.73,61
1.64,59
1.76,79
1.86,83
1.55,58
1.68,63
1.83,69
1.67,50
1.7,62
1.71,57
1.79,62
1.73,76
1.72,61
1.8,68
1.71,67
1.83,77
1.87,70
1.9,85
1.76,82
1.65,63
1.77,78
1.72,64
1.89,84
1.7,55
1.94,93
1.64,55
1.73,68
1.8,94
1.81,75
1.96,101
1.62,55
1.85,83
1.82,85
1.61,54
1.74,73
1.58,52
1.75,79
1.7,67
1.75,69
1.82,68
1.7,59
1.99,97
1.74,69
1.84,83
1.84,76
1.69,55
1.89,90
1.64,58
1.75,64
1.59,58
1.71,66
1.95,78
1.87,80
1.77,74
1.89,78
1.9,88
1.83,82
1.85,84
1.89,86
1.85,80
1.97,95
1.83,85
1.86,90
1.93,92
1.82,87
1.73,69
1.95,96
1.98,94
1.95,98
1.7,58
1.72,71
1.73,52
1.67,54
1.62,51
1.81,86
1.8,75
1.68,70
1.81,78
1.71,67
1.65,59
1.58,55
1.9,89
1.73,65
1.76,71
1.8,76
1.68,58
1.59,55
1.93,94
1.61,56
1.7,54
1.68,77
1.93,95
1.7,69
1.94,100
1.85,77
1.84,70
1.88,80
1.83,72
1.65,55
1.59,57
1.76,86
1.81,76
1.83,73
1.83,78
1.7,61
1.97,81
1.9,83
1.8,77
2,110
1.93,97
1.92,106
1.87,83
1.75,61
1.62,55
1.76,68
1.68,67
1.94,85
1.87,85
1.8,70
1.77,76
1.88,70
1.99,90
1.96,96
1.66,55
1.75,62
1.83,72
1.83,78
1.7,58
1.65,77
1.82,62
1.73,76
1.96,95
1.83,76
2.01,126
1.8,78
1.84,80
1.91,85
1.73,59
1.79,82
1.65,55
1.79,77
1.73,59
1.56,58
1.67,60
1.67,70
1.7,56
1.7,57
1.83,70
1.71,59
1.84,89
1.79,67
1.73,71
1.7,60
1.92,92
1.84,76
1.74,70
1.72,60
1.66,64
1.73,80
1.81,0
1.85,93
1.79,79
1.94,99
1.7,64
1.74,56
1.6,44
1.93,73
1.67,56
1.8,65
1.89,92
1.86,81
1.99,97
1.91,94
1.78,70
1.83,79
1.87,86
1.6,51
1.85,73
1.89,88
1.73,83
1.63,54
1.58,50
1.7,56
1.91,82
1.7,56
1.77,68
1.81,80
1.92,92
1.8,76
1.81,74
1.91,89
1.86,87
1.72,68
1.67,56
2.05,124
1.58,63
1.81,73
1.83,81
1.88,87
1.95,87
1.85,85
1.89,89
1.82,76
1.86,75
1.59,50
1.88,88
1.76,63
1.61,56
1.65,54
1.7,65
1.7,60
1.82,78
0,0
0,0
0,0
0,0
0,53
1.84,84
0,0
0,0
0,0
1.63,54
1.71,0
1.91,100
0,0
1.74,52
1.71,69
1.58,63
1.8,70
1.68,58
1.79,73
1.78,63
0,0
1.9,85
1.79,75
1.75,65
1.77,66
1.61,50
1.98,88
1.86,103
1.88,88
1.88,78
1.7,85
1.8,69
1.79,72
1.83,79
1.89,91
1.9,105
1.73,59
1.64,62
1.7,55
1.75,58
1.85,75
1.72,60
1.7,52
1.72,63
1.89,90
1.65,57
1.95,92
1.89,91
1.8,60
1.75,85
1.78,72
1.79,90
1.81,58
1.9,92
1.86,90
1.86,96
1.86,73
1.8,73
1.83,86
1.69,58
1.69,55
2.01,80
1.81,78
1.87,74
1.92,88
1.83,87
1.97,109
1.74,61
2.02,95
1.92,84
1.85,80
1.75,64
1.63,57
1.81,65
1.63,46
1.8,74
1.84,102
1.85,75
1.86,125
1.67,57
1.94,90
1.64,49
1.87,85
1.75,71
1.7,65
1.87,91
1.65,54
1.67,50
1.7,53
1.84,74
1.77,81
1.9,85
1.72,62
1.54,46
1.62,54
1.85,78
1.83,72
1.74,56
1.89,82
1.97,89
1.86,73
1.69,67
1.81,85
1.65,45
1.57,45
1.81,70
1.6,52
1.86,75
1.65,47
0,0
0,0
0,0
0,66
1.82,76
0,0
0,0
1.56,46
1.81,74
1.62,56
1.81,73
1.78,60
1.81,135
1.69,53
1.78,63
1.77,59
1.56,49
1.56,60
1.45,58
1.83,84
1.8,80
1.82,74
1.71,67
1.68,64
1.58,41
1.63,54
1.58,42
1.72,63
1.63,69
1.75,71
1.76,63
1.65,65
1.81,78
1.93,83
1.78,70
1.7,73
1.68,83
1.65,50
1.63,53
1.63,62
1.73,68
1.43,58
1.72,72
1.67,66
1.73,67
1.82,74
1.83,73
1.52,60
1.7,59
1.85,79
0,0
0,0
0,0
0,0
1.78,65
1.8,72
1.7,72
1.7,70
1.82,74
1.7,70
1.76,73
1.6,53
1.85,77
1.68,63
1.76,73
1.6,53
1.66,60
1.65,61
1.81,70
1.81,68
1.68,59
1.72,77
1.55,45
1.78,66
1.69,56
1.78,66
1.75,60
1.78,77
1.64,58
1.64,61
1.66,59
1.77,64
1.72,56
1.61,52
1.65,62
1.7,59
1.6,59
1.66,66
1.61,58
1.78,73
1.76,60
1.7,60
1.84,77
1.8,76
1.78,79
1.84,69
1.82,81
1.75,69
1.77,66
1.59,55
1.75,74
1.73,93
1.78,76
1.8,85
1.76,69
1.86,87
1.83,81
1.79,76
1.83,84
1.75,74
1.81,76
1.7,69
1.83,84
1.75,78
1.81,70
1.8,80
1.72,73
1.85,130
1.89,89
1.8,86
1.7,55
1.76,0
1.83,76
2.03,115
1.81,75
1.75,71
1.94,77
1.88,89
1.62,58
1.65,54
1.74,67
1.93,82
1.72,95
1.68,55
1.8,73
1.8,70
1.77,63
1.84,73
1.8,78
1.97,94
1.86,89
1.92,85
1.96,94
2.02,110
1.78,105
1.81,72
1.72,82
1.67,52
1.73,58
1.91,130
1.86,85
1.8,72
1.93,89
1.73,56
1.9,95
1.97,94
1.85,76
1.83,82
1.68,54
1.8,68
1.85,76
1.9,117
2.01,96
1.68,63
1.89,84
1.75,73
1.8,76
1.93,96
1.91,90
1.69,62
1.75,63
1.73,60
1.81,64
1.66,53
1.76,71
1.6,51
1.73,64
1.73,62
1.75,65
1.86,83
1.92,90
1.72,64
1.7,59
1.94,115
1.7,62
1.83,74
1.71,55
1.73,63
1.75,70
1.83,80
1.92,85
1.84,75
1.7,60
1.72,63
1.67,61
1.87,84
1.75,72
1.77,0
1.76,64
1.81,90
1.88,82
1.56,49
1.75,68
1.9,84
1.91,91
1.88,116
1.86,84
1.75,93
1.72,64
1.7,76
1.73,53
1.88,84
1.72,83
1.67,57
1.75,62
1.78,58
1.75,67
1.61,65
1.85,78
1.92,95
2.02,105
1.74,59
1.9,105
2,83
1.83,96
1.76,76
1.74,68
1.96,101
1.82,97
1.87,72
1.9,83
1.75,82
1.93,83
1.96,90
1.88,88
1.92,159
1.76,86
1.88,85
1.58,48
1.76,63
1.6,57
1.8,67
1.85,80
1.78,67
1.68,54
1.76,80
1.78,68
1.88,85
1.65,64
1.67,59
1.76,78
1.78,82
1.86,75
1.72,75
1.95,92
1.75,65
1.75,75
1.79,68
1.54,46
1.7,60
1.76,89
1.98,96
1.68,59
1.58,44
1.7,62
1.72,64
1.84,0
2.04,132
1.75,80
1.64,89
1.64,53
1.7,54
1.58,49
1.8,58
1.95,95
1.85,70
1.61,51
1.65,69
1.51,53
1.66,65
1.54,62
1.83,74
1.63,56
1.69,64
1.83,82
1.67,69
1.65,52
1.69,62
1.67,60
1.65,56
1.92,88
1.73,72
1.58,62
1.71,70
1.68,65
1.83,88
1.75,70
1.47,47
1.71,76
1.75,71
1.64,68
1.79,72
1.61,69
1.67,62
1.75,70
1.73,57
1.78,70
0,0
1.72,80
1.77,75
1.62,54
1.57,54
1.77,64
1.75,58
1.65,59
1.75,79
1.8,90
1.74,74
1.77,64
1.64,60
1.72,68
1.71,61
1.45,48
1.69,72
1.68,66
1.89,81
1.64,53
1.58,63
1.59,61
1.63,61
1.78,69
1.51,47
1.6,50
1.8,115
0,0
1.72,60
1.76,81
1.63,98
1.77,70
1.58,51
1.62,54
1.54,43
0,0
1.56,45
1.6,64
1.78,85
1.57,45
1.69,53
0,0
1.7,63
1.77,0
1.65,52
1.72,70
2,85
0,0
1.66,50
1.61,56
1.75,82
1.58,52
1.81,82
1.92,90
1.79,63
1.74,65
1.75,0
1.7,89
1.72,69
1.72,73
1.62,51
1.49,47
1.77,69
1.63,53
1.67,74
1.67,53
1.53,45
0,0
1.72,58
1.76,67
0,0
1.52,53
1.74,58
1.75,85
1.65,58
1.66,53
0,0
1.79,89
1.72,63
1.79,70
1.6,60
1.68,85
1.84,79
1.59,53
1.9,85
1.93,93
1.6,67
1.65,65
1.78,70
1.62,58
0,0
1.68,61
1.66,57
0,0
1.76,80
1.75,77
1.71,59
1.82,92
1.86,85
1.69,0
1.63,60
1.68,69
1.64,54
1.83,79
1.78,66
1.58,45
1.82,64
1.76,68
1.58,57
1.79,77
1.52,52
1.66,56
1.63,50
1.83,84
1.79,65
1.59,48
1.8,69
2.05,135
1.65,56
1.68,65
0,0
0,0
1.83,84
0,0
0,0
0,0
1.76,95
1.63,105
1.77,85
1.95,88
1.85,82
1.78,93
1.93,94
1.82,66
1.75,86
2.02,90
1.85,73
1.78,68
1.88,130
1.92,170
1.92,120
1.84,0
1.6,62
1.97,73
1.85,58
1.75,67
1.85,100
1.58,61
1.75,90
1.67,64
1.76,66
1.98,98
1.81,74
1.65,62
1.87,68
1.86,100
1.92,89
1.77,84
1.85,62
1.86,115
1.87,100
1.92,87
1.72,69
1.69,80
1.86,90
1.73,62
1.91,96
1.69,71
1.96,78
1.89,81
1.8,65
1.89,77
1.69,62
1.8,105
1.8,83
2.05,88
2.04,85
1.59,64
1.67,62
1.74,70
1.7,67
1.75,70
1.9,96
1.76,63
1.82,69
1.72,100
1.76,82
1.7,80
1.98,96
2.03,86
1.98,95
1.7,94
1.76,60
1.69,53
1.78,76
1.75,62
1.63,62
1.84,72
1.82,76
1.63,54
1.83,76
1.67,0
1.75,65
1.54,57
1.65,61
1.82,79
1.69,54
1.7,55
1.78,57
1.67,58
1.96,93
1.76,63
1.95,94
1.71,0
1.64,63
1.77,83
1.82,82
1.72,63
1.59,46
1.72,70
1.8,50
1.7,73
1.86,80
1.78,77
1.93,82
1.86,0
1.58,58
1.62,0
1.67,53
1.75,59
1.63,65
1.75,68
1.83,88
1.68,56
1.65,51
1.87,76
1.83,80
1.8,82
1.7,65
1.7,0
1.8,0
1.75,70
1.78,79
1.52,51
1.8,64
1.7,60
1.85,78
1.78,70
1.63,60
1.85,86
1.8,80
1.63,0
1.87,82
1.77,70
1.77,57
1.73,73
1.71,58
1.74,74
1.82,77
1.8,72
1.68,58
1.83,70
1.8,78
1.92,90
1.83,80
1.98,89
1.63,65
1.72,57
1.63,64
1.8,0
1.83,70
1.77,78
1.67,58
1.84,80
1.78,68
1.8,76
1.84,75
1.77,70
1.8,72
1.8,76
1.75,69
1.77,70
1.9,84
1.77,76
1.75,70
1.7,67
1.77,80
1.82,74
1.7,60
1.81,75
1.85,75
1.85,78
1.84,75
1.82,75
1.78,75
1.8,104
1.74,70
1.85,78
1.78,0
1.72,49
1.83,84
1.78,70
1.87,82
1.96,110
1.78,65
1.6,55
1.99,120
1.75,56
1.83,77
1.7,53
1.7,65
1.65,53
1.84,77
1.82,73
1.87,73
1.96,81
1.75,67
1.68,52
1.7,60
1.8,80
1.7,62
1.6,52
1.75,66
1.79,62
1.72,52
1.58,48
1.84,130
1.69,69
1.7,53
1.8,68
1.75,61
1.73,70
1.65,52
1.67,57
1.48,44
1.64,52
1.71,61
1.7,50
1.7,62
1.93,120
1.7,58
1.75,65
1.8,73
1.8,83
1.77,68
1.62,59
1.5,48
1.67,58
1.64,53
1.92,90
1.69,63
1.68,47
1.85,71
1.78,61
0,0
0,0
1.8,73
0,0
1.73,68
1.91,82
0,0
0,0
1.82,83
1.75,60
1.86,88
1.84,82
1.67,65
1.8,70
1.81,66
1.86,77
1.91,85
1.86,85
1.84,68
1.68,48
1.8,74
1.63,55
1.88,70
1.85,75
2,94
1.8,65
1.75,69
1.66,53
1.75,70
1.93,93
1.79,79
1.94,85
1.9,96
1.87,70
1.84,76
1.83,71
1.82,82
1.9,75
1.95,75
1.68,44
1.61,50
1.8,75
1.65,45
1.87,96
1.67,55
1.8,68
1.69,64
1.58,47
1.7,55
1.65,50
1.75,60
1.73,54
1.7,50
1.76,73
1.6,50
1.83,74
1.67,0
1.6,45
1.73,60
1.72,58
1.71,81
1.71,63
1.76,72
1.84,87
1.77,60
1.7,74
1.81,0
1.69,56
1.95,73
1.8,98
1.79,65
1.77,65
1.93,83
1.78,64
1.7,50
1.81,81
1.77,80
1.85,64
1.79,51
1.75,85
1.8,76
1.78,65
1.7,61
1.89,97
1.63,63
1.71,58
1.68,55
1.72,52
1.62,52
1.71,67
1.77,70
1.55,60
1.7,59
1.77,65
1.7,59
1.5,42
1.68,61
1.68,53
2.02,95
1.75,70
1.91,85
1.52,53
1.9,70
1.49,44
1.8,65
1.8,67
1.65,50
1.83,65
1.6,66
1.8,74
1.94,86
1.89,83
1.79,65
1.7,70
1.97,93
1.93,87
1.8,75
1.95,75
1.98,98
1.87,80
1.71,59
1.77,68
1.64,58
1.64,52
1.7,58
1.74,76
1.9,88
1.99,98
1.73,60
1.87,82
1.72,65
1.84,79
1.76,65
1.89,68
1.61,63
1.6,54
1.78,72
1.86,100
1.98,90
1.85,80
1.73,96
1.75,68
1.73,62
1.71,67
1.8,73
1.78,72
1.77,64
1.83,75
1.7,73
1.95,95
1.74,63
1.91,72
1.69,90
1.98,0
1.7,65
1.65,55
1.7,56
1.74,0
2.04,100
1.7,73
1.68,59
1.8,72
1.83,0
1.68,57
1.75,75
1.85,70
1.75,60
1.73,56
1.83,72
1.74,63
1.87,93
1.79,69
1.92,80
1.91,78
1.87,82
1.85,76
1.74,69
2,95
1.62,82
1.65,57
1.7,79
1.73,67
1.72,68
1.8,89
1.63,57
1.68,0
1.83,72
1.72,68
1.84,70
1.88,70
1.8,85
1.9,97
1.84,87
1.8,74
1.78,98
1.78,97
1.77,116
1.89,89
1.6,45
1.8,65
1.59,55
1.64,55
1.72,52
1.73,56
1.9,85
1.8,58
1.72,59
1.75,58
1.75,60
1.7,47
1.75,65
1.87,80
1.53,47
1.86,73
1.77,62
1.8,75
1.77,110
1.92,102
1.88,86
1.82,78
1.89,70
1.96,90
1.83,79
1.85,81
2.08,102
1.93,83
1.9,91
1.8,70
1.86,93
1.81,78
1.92,102
1.74,68
1.88,82
0,0
1.66,56
1.74,67
1.84,80
1.82,63
1.77,80
1.9,90
1.89,93
1.78,81
1.83,88
1.67,62
1.6,52
1.98,88
2,85
1.9,70
1.84,77
2.04,100
1.8,70
1.86,73
1.64,55
1.8,70
1.9,80
1.92,92
1.91,98
1.78,72
1.85,70
1.88,82
1.7,59
1.87,80
1.81,77
1.76,76
1.64,54
1.9,91
1.72,74
1.67,50
1.64,60
1.65,55
1.74,71
1.85,82
1.79,68
1.64,58
1.78,61
1.75,63
1.87,63
1.91,83
1.68,58
1.72,65
1.6,60
1.68,72
1.77,65
2.06,100
1.65,60
1.98,92
1.73,67
1.85,79
1.96,94
1.75,57
1.72,66
1.7,59
1.68,59
1.77,71
1.7,54
1.87,70
2.05,100
1.6,53
1.68,62
1.6,55
1.7,55
1.78,75
1.73,70
1.52,48
1.67,54
1.6,55
1.92,95
1.8,0
1.65,45
1.45,45
1.67,48
1.6,43
1.94,95
1.7,0
1.8,60
1.83,72
1.7,50
1.8,64
1.63,48
1.73,75
0,95
1.64,50
1.58,56
1.62,50
1.73,71
1.85,82
1.7,66
1.88,86
1.91,93
1.8,75
1.68,65
1.65,63
1.68,51
1.83,83
1.65,98
1.88,82
1.68,91
1.83,82
1.67,57
1.91,104
1.96,80
1.8,74
1.75,64
1.83,77
1.83,68
1.78,85
1.83,86
1.93,84
1.68,57
1.7,58
1.78,62
1.73,66
1.57,49
0,0
1.52,57
1.85,88
1.74,66
1.68,57
1.77,120
0,0
1.88,84
1.78,66
1.83,76
1.75,81
1.6,55
1.73,84
1.81,66
1.52,57
1.73,61
1.76,65
1.62,53
1.68,58
1.73,57
1.78,81
1.87,77
1.55,52
1.96,95
1.68,58
1.8,80
1.88,87
1.78,68
1.8,0
1.8,90
1.84,80
1.7,61
1.68,67
1.66,0
1.72,62
1.56,48
1.61,58
1.55,44
1.76,62
1.66,56
1.46,35
1.71,46
1.65,50
1.53,50
1.56,55
1.66,59
1.56,50
1.8,73
1.62,58
1.91,95
1.56,48
1.65,50
1.72,70
1.76,0
1.64,52
1.89,85
1.65,62
1.79,74
1.45,37
1.69,62
1.81,82
0,0
1.65,58
1.68,65
1.65,60
1.69,57
1.72,59
1.54,39
1.65,55
1.63,63
1.7,63
1.58,54
1.65,52
1.64,60
1.83,74
1.86,79
1.73,58
1.78,68
1.74,60
1.72,0
1.74,73
1.76,58
1.73,76
1.6,53
1.67,60
1.52,53
1.6,51
1.86,78
1.75,70
1.65,55
1.56,43
1.77,61
1.68,70
1.65,60
1.82,79
1.52,53
1.67,54
1.79,70
1.56,56
1.67,62
1.75,60
1.86,80
1.76,72
1.45,48
1.8,62
1.76,72
1.71,72
1.71,55
1.91,125
1.93,76
1.65,54
1.75,75
1.72,63
1.8,70
1.82,80
1.73,62
1.68,49
1.89,94
1.72,72
1.67,57
1.54,52
1.72,108
1.67,60
1.69,56
1.73,66
1.61,48
1.66,61
1.59,51
1.63,57
1.58,51
1.83,79
1.72,85
1.84,84
1.6,47
1.7,77
1.67,65
1.76,80
1.85,87
1.72,65
1.75,65
1.7,53
1.77,75
1.6,50
1.78,70
1.8,67
1.83,96
1.52,53
1.75,62
1.96,95
1.7,70
1.77,80
1.82,69
1.8,80
1.86,77
1.76,85
1.71,68
1.83,83
1.74,64
1.82,77
1.62,51
1.75,73
1.61,44
1.8,78
1.7,60
1.62,52
1.82,69
1.79,69
1.85,69
1.76,78
1.59,58
1.62,51
1.76,65
1.53,50
1.77,71
1.84,72
1.74,54
1.59,57
1.58,47
1.67,59
1.77,92
1.89,99
1.77,61
1.56,41
1.46,48
1.63,50
1.76,62
1.58,56
1.83,78
1.7,68
1.81,73
1.74,78
1.67,64
1.59,58
1.77,90
1.67,62
1.81,75
1.7,65
1.7,66
1.77,68
1.81,77
1.86,82
1.78,90
1.74,57
1.7,62
1.57,56
1.6,52
1.65,59
1.61,56
1.65,53
1.77,68
1.76,68
1.73,62
1.55,58
1.63,63
1.5,45
1.5,47
1.58,53
1.57,56
1.59,52
1.6,50
1.64,46
1.65,60
1.57,52
1.77,75
1.79,68
1.61,53
1.54,39
1.77,73
1.57,54
1.85,75
1.65,58
1.65,62
1.72,59
1.58,63
1.63,58
1.6,60
1.57,64
1.86,77
1.85,70
1.64,56
1.72,58
1.69,53
1.85,70
1.66,66
1.56,51
1.73,61
1.91,85
1.57,43
1.63,63
1.51,48
1.75,64
1.67,48
1.7,58
1.75,72
1.63,69
1.6,61
1.68,56
1.61,57
1.63,50
1.83,95
1.62,54
1.78,64
1.68,64
1.77,70
1.86,100
1.71,68
1.66,57
1.45,34
1.56,50
1.64,60
1.68,48
1.68,60
1.75,65
1.85,65
1.66,60
1.75,63
1.57,55
1.59,69
1.6,52
1.68,62
1.71,56
1.67,48
1.74,65
1.74,78
1.81,70
1.72,67
1.65,65
1.69,60
1.68,62
1.71,72
1.84,79
1.65,65
1.88,90
1.71,67
1.75,72
1.75,68
1.71,58
1.72,74
1.78,68
1.7,73
1.75,87
1.77,77
1.85,80
1.65,64
1.64,64
1.78,81
1.69,56
1.7,52
1.65,56
1.7,63
1.74,89
1.77,69
1.81,81
1.83,67
1.67,57
1.84,84
1.71,70
1.74,67
1.84,82
1.75,70
1.86,72
1.91,76
1.77,82
1.68,65
1.7,74
1.64,55
1.54,40
1.8,67
1.78,68
1.77,75
1.74,73
1.7,70
1.65,58
1.7,60
1.82,80
1.78,75
1.77,64
1.88,83
1.75,75
1.68,65
1.6,62
1.7,67
1.75,69
1.85,100
1.72,70
1.71,69
1.61,62
1.72,63
1.73,66
1.59,59
1.85,74
1.71,56
1.53,39
1.52,53
1.64,68
1.63,65
1.8,68
1.77,72
1.83,77
1.76,65
1.82,70
1.71,69
1.59,49
1.61,54
1.7,56
1.84,78
1.71,64
1.62,50
1.57,62
1.6,55
1.55,53
1.61,48
1.76,58
1.88,98
1.81,93
1.66,57
1.76,76
1.7,48
1.81,74
1.77,72
1.78,75
1.75,0
1.8,0
1.64,49
1.68,58
1.84,97
1.8,105
1.68,46
1.87,95
1.66,59
1.67,54
1.74,55
1.76,60
1.88,100
0,0
1.5,56
1.77,70
1.85,86
1.77,70
1.65,0
1.63,0
1.75,67
1.78,0
1.72,0
1.9,125
1.75,85
1.58,50
1.75,73
1.95,90
1.83,82
1.73,75
1.65,53
1.7,55
1.72,69
1.6,62
1.83,67
1.73,74
1.84,68
1.7,55
1.74,75
1.85,87
1.77,74
1.73,78
1.73,61
1.66,65
1.63,55
2.06,0
2.02,144
1.65,0
1.6,63
1.75,64
1.62,42
1.71,97
1.65,50
1.5,48
1.7,63
1.67,56
1.78,90
1.81,100
1.83,70
1.64,64
1.76,76
1.63,57
1.98,130
1.83,62
1.71,62
1.6,0
1.65,48
1.81,76
1.7,63
1.7,50
1.8,100
1.6,48
1.9,76
1.98,80
1.63,45
1.88,102
1.76,46
1.76,67
1.65,46
1.85,86
1.85,0
1.74,62
1.86,79
1.95,90
1.88,85
1.8,70
1.7,59
1.58,63
1.69,47
1.8,69
1.65,63
1.67,60
1.67,69
1.86,93
1.94,120
1.68,58
1.76,83
1.54,0
1.82,0
1.69,66
1.55,69
1.52,48
1.65,67
0,67
1.67,60
1.52,54
1.67,59
1.9,104
1.9,63
1.83,86
1.7,54
1.7,54
1.68,0
1.52,47
1.77,85
1.84,95
1.75,72
1.75,55
1.85,92
1.67,65
1.67,72
0,0
1.62,56
1.62,60
1.67,55
1.82,90
1.67,58
1.9,76
1.85,98
1.57,70
1.85,62
1.67,57
1.7,54
1.67,52
1.57,43
1.85,74
1.72,58
1.62,43
1.82,64
1.9,76
1.6,50
1.6,50
1.93,106
1.62,42
1.62,58
1.72,65
1.62,93
1.72,60
1.65,65
1.6,45
1.75,94
1.75,90
1.73,61
1.57,45
0,66
1.67,58
0,51
1.7,70
0,47
1.9,75
1.84,94
1.86,105
1.68,47
0,0
1.54,72
1.7,64
1.85,64
1.8,0
1.72,58
1.65,57
1.85,92
1.6,55
1.65,73
1.7,65
1.67,71
1.52,61
1.67,50
1.65,0
1.6,43
1.54,40
1.77,54
1.93,100
1.52,48
1.95,125
1.7,58
1.65,59
1.68,56
1.65,44
0,0
1.9,0
1.6,65
1.68,51
1.8,130
1.6,69
1.81,95
1.55,50
1.92,120
1.6,60
1.7,66
1.65,55
1.8,84
1.65,48
1.7,105
1.64,64
1.55,52
1.68,56
1.63,55
1.69,66
1.67,57
1.53,51
1.57,54
1.81,84
1.82,70
1.87,87
1.85,73
1.69,75
1.83,83
0,0
1.74,66
1.7,63
1.78,69
1.78,74
1.7,73
1.73,67
1.83,70
1.82,78
1.59,47
1.8,71
1.83,78
1.83,90
1.66,0
1.68,76
1.82,73
1.75,84
1.88,84
1.9,91
1.89,80
1.89,91
1.75,72
1.8,76
1.48,0
1.65,59
1.63,58
1.61,50
1.69,59
1.63,51
1.79,83
1.78,100
1.82,92
0,0
1.77,90
1.72,55
1.68,55
1.68,57
1.78,66
1.71,58
1.67,67
1.73,65
1.65,0
1.68,70
1.74,92
1.68,58
1.69,64
1.69,60
1.73,77
1.77,70
1.85,78
1.64,60
1.83,67
1.74,119
1.63,56
1.76,65
1.58,50
1.59,56
1.65,61
1.75,59
1.73,80
1.82,69
1.73,57
1.9,72
1.68,54
1.59,54
1.55,46
1.7,52
1.75,67
1.9,82
1.87,77
1.77,61
1.76,70
1.68,60
1.74,59
1.78,66
1.63,57
1.6,53
1.86,83
1.53,40
1.86,75
1.63,69
1.8,72
1.77,70
1.75,64
1.71,63
1.77,79
1.59,56
1.79,75
1.58,53
1.83,75
1.85,83
1.79,82
1.62,58
1.7,60
1.65,56
1.68,56
1.68,63
1.67,58
1.7,73
1.75,78
1.74,65
1.68,64
1.78,76
1.61,65
1.68,61
1.78,66
1.64,64
1.68,58
1.77,68
1.66,65
1.67,69
1.76,73
1.58,50
1.77,77
1.88,77
1.72,59
1.63,43
1.81,75
1.6,63
1.79,95
1.6,50
1.84,84
1.63,0
1.73,76
1.87,78
1.73,66
1.68,53
1.81,62
1.6,62
1.79,70
1.69,62
1.78,82
1.8,67
1.83,77
1.87,70
1.72,70
1.68,0
1.8,69
1.7,60
1.77,73
1.68,56
1.63,68
1.63,55
1.65,55
1.75,70
1.63,51
1.61,46
1.72,65
1.73,70
1.68,61
1.8,80
1.88,74
1.93,75
1.78,81
1.73,86
1.72,67
1.74,80
1.71,67
1.64,50
1.68,66
1.64,57
1.87,68
1.77,64
1.82,85
1.9,130
1.95,82
1.71,58
1.65,57
1.73,61
1.8,74
1.82,59
1.83,73
0,0
1.76,70
1.68,60
1.65,59
1.8,95
1.75,66
1.72,61
1.74,72
1.65,45
1.67,57
1.92,73
1.81,75
1.58,43
1.75,82
1.8,74
1.71,73
1.86,80
1.82,66
1.66,56
1.69,52
1.77,63
1.64,63
1.73,110
1.75,59
1.87,83
1.82,65
1.67,59
1.7,63
1.62,59
1.94,88
1.62,52
1.87,74
1.65,57
1.75,70
1.65,55
1.73,64
1.67,51
1.72,73
1.74,74
1.64,52
1.8,70
1.52,45
1.63,69
1.63,60
1.65,52
1.77,66
1.92,86
1.65,49
1.82,58
1.69,55
1.7,60
1.66,63
0,0
1.8,65
1.79,68
1.96,98
1.85,90
1.85,75
1.76,63
1.69,65
1.67,52
1.75,63
1.85,110
1.8,104
1.78,82
1.93,103
1.83,82
1.79,68
1.64,50
1.91,89
1.78,68
1.68,52
1.9,100
1.64,60
1.79,63
1.84,76
1.9,85
1.86,90
1.87,83
1.57,52
1.9,103
1.82,71
1.86,77
1.8,70
1.92,85
1.9,95
0,0
1.75,68
0,0
0,0
0,0
0,0
1.77,58
0,0
0,0
0,0
1.78,60
1.71,53
1.79,48
1.6,62
0,0
0,0
0,0
1.77,69
0,0
0,0
0,0
0,0
1.88,80
0,0
0,0
0,0
1.55,52
1.52,52
1.72,78
1.75,65
1.6,57
1.97,95
1.77,73
1.67,65
1.94,90
1.87,63
1.85,87
2,130
1.87,77
2.08,114
1.93,86
1.87,73
2.04,100
1.72,92
1.78,89
1.63,48
1.72,58
1.9,84
1.87,80
1.74,57
2.08,109
1.92,95
1.7,62
1.93,98
1.71,70
1.84,90
1.76,63
1.73,0
1.64,0
1.93,95
1.72,63
1.92,96
1.75,62
1.8,90
1.9,75
1.98,103
2.11,120
1.86,80
1.84,82
1.6,49
1.84,70
1.94,90
1.98,92
1.79,70
1.85,72
1.89,95
1.76,66
1.9,92
2.04,100
1.77,60
2.05,105
1.9,78
1.73,58
1.73,62
1.96,83
1.75,74
1.84,88
1.67,65
2.1,117
1.88,85
1.76,75
1.86,132
2.02,110
1.7,70
1.98,100
1.77,64
1.67,50
1.97,0
1.83,69
1.88,95
1.64,54
1.67,62
1.8,68
1.73,60
1.74,57
1.85,63
1.93,90
1.7,63
1.87,82
1.83,80
1.57,58
1.82,79
1.55,48
1.54,46
1.65,62
1.67,59
1.85,84
1.73,57
1.9,72
1.74,67
1.7,56
1.6,0
1.8,66
1.68,70
1.68,72
1.79,62
1.68,57
1.9,83
1.68,59
1.75,56
1.88,70
1.74,62
1.64,0
1.83,0
1.72,57
1.72,61
1.56,50
1.73,66
1.83,0
1.78,81
1.59,45
1.68,67
1.6,49
1.67,0
1.86,102
1.86,0
1.8,0
1.74,63
1.84,77
1.7,57
1.7,62
1.6,58
1.67,52
1.79,60
1.64,63
1.79,58
1.62,74
1.6,48
1.88,70
1.69,64
1.73,54
1.8,69
1.8,64
1.62,58
1.91,75
1.65,0
1.62,62
1.66,69
1.7,68
1.7,75
1.63,64
1.87,91
1.72,67
1.66,69
1.78,75
1.62,57
1.67,58
1.66,51
1.53,46
1.65,61
1.71,75
1.82,81
1.74,63
1.66,56
1.7,70
1.8,74
1.93,70
1.51,53
1.67,63
1.61,52
1.75,68
1.7,68
1.8,70
1.66,56
1.77,77
1.81,70
1.55,51
1.56,40
1.63,61
1.64,58
1.75,70
1.7,63
1.49,45
1.83,80
1.64,77
1.68,70
1.88,85
1.74,93
1.79,79
2.02,165
1.7,52
1.6,62
1.86,82
1.68,74
1.78,83
1.86,96
1.81,80
1.75,70
1.82,70
1.72,69
1.95,97
1.78,80
1.75,60
1.75,81
1.78,70
1.7,80
0,0
0,0
0,0
0,0
1.69,64
1.91,78
1.65,75
1.58,48
1.57,56
1.65,57
1.76,73
1.75,74
1.65,85
1.47,45
1.81,85
1.88,84
1.73,70
1.58,55
1.6,69
1.63,50
1.75,72
1.75,69
1.96,95
1.77,58
1.84,82
1.63,80
1.65,53
1.91,70
1.71,56
1.66,60
1.75,64
1.78,78
1.97,94
1.62,53
1.73,56
1.72,68
1.72,60
1.85,100
1.62,62
1.98,84
1.52,48
1.65,0
1.7,60
1.76,70
1.83,79
1.75,92
1.55,63
1.66,62
1.68,73
1.66,58
1.65,60
1.86,87
1.65,65
1.74,63
1.81,65
1.78,65
1.75,64
1.78,64
1.71,49
1.6,55
1.78,80
1.97,88
1.9,82
1.86,75
1.88,80
1.86,80
1.8,76
1.76,74
1.87,81
1.64,60
2,100
1.64,0
1.94,105
1.8,0
1.97,96
1.71,80
1.66,66
1.76,60
1.69,60
1.62,59
1.8,70
1.74,0
1.74,65
1.9,85
1.73,61
1.58,46
1.88,85
1.82,68
1.8,68
1.79,74
1.5,44
1.73,70
1.62,47
1.65,48
1.55,46
1.65,60
1.69,75
1.74,74
1.78,0
1.62,57
1.71,62
1.92,84
1.7,55
1.75,70
1.78,76
1.56,48
1.78,70
1.92,85
1.77,0
1.84,74
1.72,56
1.8,79
1.78,72
1.85,87
1.73,64
1.66,69
1.8,69
1.67,63
2,89
1.91,91
1.91,68
1.59,59
1.58,53
2.02,95
1.71,71
1.75,125
1.73,72
1.59,55
1.84,82
1.7,63
1.63,69
1.7,67
1.61,62
1.69,58
1.55,56
1.74,0
1.84,125
1.79,72
1.7,0
1.62,0
1.75,73
1.7,58
1.68,63
1.81,102
1.8,80
1.65,65
1.6,43
1.65,65
1.74,65
1.55,56
1.75,70
1.66,69
1.6,0
1.63,63
1.82,94
1.53,47
1.7,0
1.69,61
1.6,59
1.59,53
1.73,63
1.83,124
1.63,0
1.7,68
1.6,52
1.72,70
1.74,0
1.78,104
1.75,82
1.7,80
1.64,51
1.78,81
1.76,61
1.76,65
1.85,99
1.58,52
1.58,57
1.55,78
1.74,57
1.66,56
1.63,63
1.81,69
1.58,58
1.78,68
1.8,0
1.76,73
1.68,74
1.91,78
1.8,70
1.59,57
1.77,72
1.73,69
1.54,0
1.77,85
0,0
1.73,59
1.8,93
1.97,107
1.91,98
1.75,67
1.75,73
1.93,98
1.69,63
1.88,86
1.93,118
1.7,67
1.8,97
1.94,92
1.86,86
1.83,78
1.9,118
1.65,54
1.7,68
1.86,71
1.7,67
1.86,80
1.81,77
1.75,70
1.77,71
1.85,83
1.85,86
1.8,97
1.88,102
1.75,60
1.98,109
1.7,58
1.8,74
1.86,85
1.78,72
1.99,101
1.8,86
1.93,96
1.85,73
1.83,81
1.64,60
1.75,66
1.68,60
1.72,66
1.8,74
1.8,81
1.72,66
1.71,61
1.69,47
1.95,89
1.53,52
1.83,68
1.71,55
1.84,73
0,0
1.8,0
1.78,0
1.52,48
1.7,55
1.71,72
0,0
1.8,98
1.7,57
1.67,57
1.68,55
1.6,52
1.75,60
1.66,53
1.67,48
1.83,76
1.69,60
1.65,46
1.81,0
1.6,0
1.67,57
1.78,59
1.68,57
1.74,70
1.73,59
1.76,69
1.78,59
1.52,53
1.65,54
1.68,55
1.6,49
1.61,58
1.71,69
1.86,76
1.98,90
1.68,62
1.64,46
1.75,67
1.73,66
1.69,63
1.67,56
1.9,73
1.66,57
1.77,67
1.6,54
1.68,59
1.8,74
1.77,62
1.7,60
1.9,85
1.84,68
1.92,83
1.88,82
1.9,70
1.95,93
1.83,80
1.95,100
1.68,62
1.58,51
1.8,69
1.7,56
1.84,72
1.9,90
1.72,72
2.11,104
1.8,76
1.75,72
1.83,74
1.82,78
1.79,70
1.78,75
1.84,68
1.75,73
1.9,87
1.81,80
1.95,88
1.99,93
1.89,75
1.82,72
1.64,60
1.86,80
1.85,90
1.83,72
1.64,54
1.82,71
1.81,0
1.73,69
1.79,64
1.73,65
1.7,61
1.73,65
1.6,47
1.8,74
1.8,68
1.8,61
1.89,82
1.89,86
1.84,81
1.69,67
1.65,72
1.77,84
1.83,79
1.84,85
1.9,75
1.88,90
1.83,75
1.9,100
1.82,77
1.94,81
1.74,57
1.83,67
1.82,74
1.86,72
1.93,80
1.68,59
1.94,83
1.82,74
1.7,77
1.84,81
1.85,97
1.68,66
1.87,93
1.85,85
1.74,76
1.68,60
1.6,52
1.78,77
1.67,60
1.65,52
1.81,57
1.81,75
1.77,78
1.81,72
1.9,85
1.86,70
1.83,75
1.85,70
1.95,87
1.79,64
1.87,73
1.86,81
1.97,95
1.8,68
1.85,78
1.59,59
1.82,78
1.75,70
1.74,72
1.78,78
1.96,63
1.86,84
1.73,61
1.84,70
1.72,64
1.7,73
1.72,68
1.73,67
1.67,63
1.7,64
1.67,54
1.85,74
1.83,74
1.64,57
1.75,65
1.78,72
1.92,77
1.73,59
1.84,79
1.76,66
1.83,75
1.69,55
1.7,60
1.7,61
1.8,68
1.72,63
1.72,78
1.64,58
1.69,59
1.74,61
1.77,68
1.78,68
1.72,66
1.78,62
1.72,69
1.88,90
1.78,68
1.76,56
1.97,95
1.76,87
1.71,60
1.7,68
1.78,62
1.72,61
1.78,83
1.94,87
1.86,75
2.01,94
1.8,70
1.83,70
1.71,62
1.75,61
1.7,65
1.79,63
1.75,58
1.7,66
1.89,90
1.78,86
1.85,93
1.8,0
1.75,70
1.82,71
1.97,100
1.83,0
2,98
1.73,55
1.87,85
1.89,99
1.88,88
1.89,75
1.66,51
1.8,72
1.94,87
1.79,72
1.81,76
1.86,76
1.99,95
2.07,94
1.79,74
1.92,80
1.9,77
1.73,63
2,100
1.84,79
1.86,122
1.77,64
1.88,80
1.78,76
1.83,78
1.77,68
1.53,57
1.56,46
1.92,84
1.66,59
1.78,70
1.72,78
1.73,65
1.7,49
1.83,75
1.71,72
1.85,77
1.78,69
1.77,64
1.72,54
1.84,68
1.78,70
1.68,62
1.82,95
1.9,85
1.76,73
1.89,70
1.68,55
1.86,78
1.86,70
2.01,102
1.78,85
1.67,68
1.8,87
1.57,54
1.98,90
1.77,72
1.81,69
1.76,70
1.86,67
1.63,55
1.61,63
1.84,73
1.88,74
1.55,45
1.66,59
1.68,64
1.68,73
1.63,63
1.63,46
1.58,65
1.7,0
1.62,65
2.1,102
1.64,61
1.65,65
1.65,58
1.72,0
2.04,107
1.88,80
1.91,92
1.63,63
1.81,71
1.7,68
1.98,90
1.8,67
1.78,102
1.87,0
1.91,63
1.96,97
1.9,0
0,70
2.1,100
1.74,0
1.67,58
1.68,64
1.65,69
2.04,115
1.71,0
1.68,65
1.73,0
1.88,85
1.89,83
1.71,0
1.71,63
1.66,122
2.01,90
1.87,88
1.52,48
1.86,84
1.7,0
1.73,0
1.73,100
1.69,53
1.5,70
1.72,0
1.52,72
1.7,0
2.08,102
0,59
1.67,59
1.75,72
1.72,0
1.38,55
1.52,50
1.5,73
1.69,63
1.61,58
1.7,0
1.8,81
1.68,57
1.72,0
1.83,81
1.71,0
1.72,71
1.72,70
1.89,84
1.68,68
1.67,97
1.98,0
1.71,0
1.91,124
1.82,71
1.88,80
1.79,78
1.75,65
1.69,0
1.75,0
1.83,82
2.07,98
1.8,73
1.78,76
1.69,64
1.78,72
1.63,47
0,0
1.75,0
0,0
0,0
0,0
1.83,80
1.67,0
0,0
1.83,0
0,0
0,0
0,0
0,0
0,0
0,0
0,0
1.73,0
0,0
0,0
1.72,0
0,0
0,0
0,0
1.8,0
0,0
0,0
1.81,0
0,0
0,0
0,0
0,0
0,0
1.75,0
0,0
0,0
1.78,0
0,0
0,0
1.82,0
0,0
1.69,0
0,0
0,0
0,0
0,0
1.78,0
0,0
0,0
1.71,66
0,0
1.68,0
1.91,72
0,0
0,0
0,0
0,0
0,0
0,0
0,0
0,0
1.75,0
0,0
1.55,56
1.7,90
1.81,71
1.75,68
1.83,99
1.94,113
1.63,52
1.96,96
1.58,56
1.63,57
1.86,71
1.73,66
1.72,71
1.6,50
1.61,48
1.68,58
1.63,56
1.67,57
1.56,54
1.8,73
1.8,89
1.58,56
1.81,78
1.85,83
1.81,78
2,92
1.81,92
1.94,95
1.87,71
1.78,95
1.68,55
1.65,62
1.67,55
1.78,80
1.87,89
1.94,80
1.92,85
1.59,47
1.73,66
1.89,103
1.7,59
1.79,72
1.8,79
1.62,57
1.78,78
1.78,75
1.69,69
1.85,93
1.79,66
1.59,58
1.62,62
1.69,67
1.75,71
1.81,68
1.8,72
1.82,76
1.95,98
1.77,68
1.8,83
1.86,75
1.59,50
1.74,70
1.68,60
1.65,59
1.83,73
1.81,58
2,97
1.7,60
1.85,90
1.79,83
1.83,73
1.89,89
1.81,66
1.77,72
1.8,72
1.86,78
1.72,76
1.78,74
1.66,65
1.96,95
1.89,120
1.89,88
1.77,70
1.67,83
1.83,78
1.85,70
1.91,71
1.68,66
1.88,78
1.71,58
1.85,95
1.86,85
2.01,97
1.62,57
1.89,96
1.66,57
1.84,70
1.57,48
1.75,79
1.76,82
1.72,56
1.61,56
1.82,80
1.69,70
1.79,73
1.74,72
1.71,70
1.74,70
1.63,58
1.82,76
1.62,58
1.65,58
1.83,67
1.66,64
1.92,100
1.65,58
1.68,63
1.68,53
1.72,68
1.67,65
2,102
1.82,81
1.9,76
1.9,78
1.84,85
1.9,75
1.98,82
1.75,67
1.87,91
1.92,84
1.83,75
1.6,59
1.78,74
1.81,95
1.67,66
1.89,85
1.73,74
1.8,90
1.83,68
1.8,82
1.8,81
1.7,56
1.65,52
1.82,74
1.74,64
1.63,50
1.74,64
1.86,82
1.89,70
1.65,56
1.79,77
1.76,69
1.73,70
1.69,74
1.74,60
1.65,57
1.78,72
1.78,70
1.72,63
1.83,71
1.84,93
1.62,57
1.67,84
1.9,105
1.88,89
1.65,63
1.81,76
1.77,71
1.7,63
1.86,78
1.79,98
1.75,62
1.75,73
1.65,65
1.93,101
1.83,81
1.83,80
1.74,66
1.89,79
1.76,73
1.58,52
1.93,100
1.72,89
1.91,96
1.76,75
1.77,82
1.86,80
1.86,95
1.94,106
1.72,62
1.72,57
1.73,66
1.79,76
1.92,95
1.87,98
1.65,67
1.68,75
1.89,87
1.93,102
1.89,75
1.85,125
1.83,68
1.67,107
1.85,87
1.63,58
1.93,120
1.74,66
1.8,89
1.85,62
1.83,74
1.73,67
1.68,90
0,0
1.6,75
1.8,74
1.67,79
1.9,100
1.65,67
0,0
1.59,63
0,0
1.81,76
1.75,0
1.68,57
1.7,70
1.78,83
1.52,59
1.55,59
1.69,58
1.63,59
1.75,75
1.83,80
1.95,90
1.6,55
1.78,75
1.69,70
1.63,60
1.6,58
1.7,66
1.74,66
1.98,105
1.63,65
1.7,68
1.69,62
1.57,49
1.9,76
1.6,60
1.62,50
1.9,65
1.5,48
1.8,96
1.56,47
1.76,104
1.52,45
1.53,44
1.61,53
1.6,60
1.7,49
1.64,51
1.66,61
1.6,50
1.84,75
1.98,90
1.65,65
1.69,62
1.7,70
1.65,57
1.67,55
1.86,71
1.82,84
1.63,58
1.68,0
1.76,70
1.49,53
1.62,56
1.8,60
1.7,70
1.73,67
0,81
1.57,54
1.49,45
1.74,66
1.58,55
1.65,0
0,0
0,0
0,0
1.7,57
0,0
1.66,60
1.65,51
1.85,125
1.53,69
1.53,64
1.84,93
1.75,64
1.62,62
1.69,68
1.96,98
1.65,68
1.67,0
1.72,59
1.62,63
1.87,81
1.78,68
1.93,93
1.74,62
1.89,85
1.7,94
1.68,54
1.6,47
1.75,69
1.7,59
1.77,68
1.69,61
1.73,59
1.66,53
1.65,51
1.6,67
1.74,66
1.72,64
1.76,68
1.7,56
1.78,95
1.7,58
1.77,59
1.7,59
1.7,52
1.76,60
1.84,80
1.8,105
1.6,57
1.74,67
1.69,54
1.8,73
1.81,104
2.01,84
1.92,107
2.05,87
1.9,88
1.7,68
1.82,80
1.91,78
1.85,92
1.78,77
1.7,55
1.67,49
1.65,54
1.72,78
1.99,91
1.98,93
1.7,72
1.77,68
1.78,64
1.67,60
1.65,57
1.71,72
1.96,90
1.83,75
1.88,77
1.85,99
1.79,82
1.87,80
1.78,64
1.86,70
1.78,58
1.84,0
1.76,70
1.61,43
1.6,48
1.83,54
1.85,67
1.82,79
1.93,82
2.04,95
1.69,94
1.69,53
1.83,75
1.68,55
1.77,66
1.74,71
1.65,57
1.82,78
1.77,72
1.9,87
1.83,82
0,0
2.07,118
1.84,66
1.74,76
2.02,106
1.96,84
2.01,87
1.86,68
1.89,86
1.68,53
1.65,63
1.84,72
1.7,58
1.61,50
1.74,70
1.78,55
1.58,53
0,0
1.72,57
1.78,64
1.79,67
1.58,52
0,0
1.7,57
1.91,138
1.95,87
1.98,102
1.85,68
1.99,99
1.81,80
1.94,104
1.9,95
1.84,75
1.91,90
1.94,76
1.78,73
1.86,78
1.76,73
2,130
1.71,59
1.73,70
1.65,65
1.7,54
1.64,54
1.68,57
1.7,60
1.76,70
1.69,57
0,0
1.94,96
1.85,96
1.79,64
1.85,90
1.82,80
1.87,79
1.74,77
1.74,69
1.74,68
1.64,55
1.99,103
1.92,83
1.72,59
1.65,63
1.76,56
0,0
2.1,98
1.9,91
1.84,88
1.89,83
2,112
2.06,86
1.85,75
1.95,89
1.7,51
1.82,88
1.8,66
1.94,135
1.98,111
1.91,80
1.88,90
1.76,66
1.85,80
1.95,103
1.96,97
1.92,98
1.93,70
1.9,90
1.73,62
1.82,74
1.67,63
1.6,46
1.72,64
1.75,68
1.69,58
1.73,64
1.62,56
2.02,92
1.8,60
1.62,68
1.73,58
1.87,75
1.73,63
1.7,48
1.83,104
1.86,126
0,0
1.83,85
1.9,83
1.92,86
1.76,68
1.9,90
1.9,85
1.84,73
1.75,72
1.97,94
2,90
1.94,92
1.93,130
1.86,74
2.05,90
1.87,80
1.8,76
1.95,95
1.84,87
1.82,81
1.6,54
1.77,97
1.86,77
1.8,82
1.94,81
1.68,58
1.73,61
1.94,82
1.88,86
1.75,81
1.86,103
2.09,105
1.69,65
1.91,86
2,122
1.86,96
1.58,42
1.94,78
1.62,57
1.86,80
1.78,0
1.84,85
2.04,142
2,96
1.7,57
1.97,93
1.96,128
1.89,84
1.86,84
1.78,62
1.86,95
1.8,86
2.01,94
1.8,74
1.85,74
1.63,48
1.66,53
1.58,53
1.71,68
1.68,57
1.82,80
1.9,80
1.57,46
1.7,50
1.88,90
1.85,80
1.57,48
1.81,82
1.65,52
1.84,75
1.84,75
1.88,80
1.86,87
1.82,75
1.78,81
1.63,55
1.63,58
1.86,77
1.73,60
1.82,75
1.85,82
1.76,73
1.56,45
1.8,70
1.62,44
1.69,63
1.59,52
1.82,100
1.8,71
1.86,72
1.84,87
1.79,73
1.71,60
1.85,73
1.75,59
1.82,72
1.91,80
1.75,100
1.77,72
1.75,77
1.82,82
1.81,65
1.77,75
1.8,70
1.7,60
1.75,55
1.72,80
1.8,75
1.65,55
1.7,64
1.53,46
1.73,62
1.86,72
1.83,76
1.8,67
1.76,76
1.87,80
1.67,60
1.8,75
1.75,58
1.77,70
1.86,80
1.75,80
1.75,88
1.74,63
1.83,68
1.8,60
1.73,60
1.68,70
1.79,69
1.66,50
1.8,80
1.74,60
1.65,68
1.77,64
1.75,62
1.61,57
1.63,55
1.62,63
1.85,76
1.9,80
1.94,74
1.7,70
1.9,80
1.81,75
1.98,154
1.71,61
1.68,58
1.64,52
1.65,53
1.53,42
1.53,42
1.59,62
1.53,48
1.7,77
1.62,74
1.66,67
1.7,100
1.49,39
1.79,73
1.61,48
1.58,57
1.63,78
1.65,56
1.5,40
1.64,69
1.61,53
1.63,53
1.55,54
1.55,48
1.67,75
1.61,55
1.6,54
1.56,47
1.68,60
1.63,59
1.65,68
1.6,63
1.63,65
1.51,56
1.6,50
1.89,75
1.71,59
1.77,64
1.8,63
1.68,52
1.75,68
1.8,66
1.65,63
1.78,73
1.85,65
1.92,82
1.66,61
1.8,67
1.91,80
1.8,81
1.77,65
0,0
1.78,86
1.8,73
2,82
1.71,0
1.92,76
1.61,59
1.53,50
1.98,73
1.88,74
1.68,56
1.67,69
1.78,82
1.68,64
1.7,61
1.8,68
1.73,68
1.79,56
1.73,57
1.8,63
1.92,77
1.79,48
1.78,62
1.85,80
1.86,77
1.8,60
1.9,90
1.77,86
1.95,100
1.85,105
1.8,95
1.77,78
1.98,99
2.06,110
1.94,77
1.6,55
1.95,92
1.78,77
1.65,60
1.75,85
1.85,85
1.91,90
1.71,0
1.93,89
1.9,100
1.8,86
1.8,80
2.01,100
1.73,73
1.85,65
1.86,90
1.9,65
1.63,59
1.79,80
1.78,82
1.9,86
1.78,65
1.98,106
1.68,85
1.94,73
1.78,0
1.96,94
1.63,50
1.79,59
1.7,61
1.8,90
1.78,78
1.57,50
1.78,62
1.7,70
1.72,57
1.68,53
1.86,75
1.68,56
1.86,85
1.88,100
1.91,105
2.01,95
1.73,73
1.75,57
1.83,60
1.64,42
1.75,64
1.7,55
1.75,60
1.67,49
1.65,51
1.7,120
1.59,55
1.86,78
1.57,52
1.75,60
1.91,120
1.7,63
1.8,75
1.59,48
1.7,59
1.75,64
1.56,47
1.76,53
1.7,57
2.02,105
1.61,57
2.02,108
1.72,56
1.8,69
1.85,71
2.03,170
1.64,47
1.5,50
1.7,55
1.82,73
1.68,77
1.7,57
1.82,76
1.78,70
1.71,56
1.54,50
1.82,79
1.78,67
1.72,53
1.58,68
1.74,84
1.87,80
1.84,78
1.97,106
1.78,57
1.92,90
1.8,77
1.69,70
1.78,57
1.75,68
1.81,70
1.85,72
1.63,60
1.73,65
1.86,75
1.68,60
1.86,75
1.76,66
1.63,64
1.91,85
1.73,64
1.97,94
1.7,55
1.94,85
1.77,69
1.9,74
1.8,0
1.68,64
1.64,48
1.83,73
1.68,59
1.9,85
1.77,78
1.82,72
1.75,68
1.81,75
1.64,48
1.74,63
1.85,72
1.8,72
1.65,53
1.78,70
1.7,58
1.78,62
1.79,79
1.9,92
1.72,64
1.97,91
1.75,64
1.76,74
1.78,62
1.76,63
1.64,61
1.6,50
1.87,71
1.69,55
1.75,69
1.67,55
1.83,76
1.76,65
1.63,52
1.58,0
1.72,64
1.62,59
1.58,86
1.8,65
1.74,65
1.95,70
1.85,85
1.68,62
1.78,70
1.75,75
1.9,83
1.72,75
1.63,52
1.79,89
1.72,55
1.98,98
1.7,65
1.83,70
1.97,90
1.75,67
1.88,80
1.65,46
1.66,52
1.82,78
1.78,75
1.88,96
1.75,61
1.79,93
1.76,76
1.68,53
1.9,76
1.7,59
1.79,72
1.69,53
1.84,75
1.84,74
1.72,72
0,0
1.92,90
1.8,70
1.82,70
1.63,61
1.87,84
1.67,62
1.82,72
1.92,72
1.95,93
1.75,87
1.54,57
1.75,78
1.71,64
1.84,76
0,0
1.73,67
1.7,57
1.8,90
1.84,79
1.82,92
1.78,80
1.82,79
1.87,94
1.85,70
1.65,55
1.81,69
1.6,56
1.55,48
1.81,74
1.62,47
1.78,66
1.73,58
1.62,53
1.72,50
0,0
1.69,60
1.59,53
1.89,77
1.71,60
1.85,70
1.69,61
1.84,76
1.66,63
1.76,67
1.62,50
1.78,75
1.92,95
1.66,61
1.69,59
1.6,53
1.7,62
1.88,95
1.76,71
1.59,55
1.79,65
1.8,70
1.83,73
1.62,49
1.9,98
1.77,72
1.74,81
1.8,76
1.85,75
1.77,72
1.85,73
1.59,64
1.77,82
1.9,86
1.96,94
1.68,61
1.64,57
1.83,72
1.78,80
1.62,59
1.57,52
1.7,72
1.65,57
1.89,74
1.67,64
1.75,68
1.7,62
1.56,50
1.93,104
1.78,74
1.53,55
1.72,61
1.73,60
1.95,92
1.83,70
1.77,65
1.65,57
1.8,91
1.86,79
1.81,90
1.77,86
1.72,0
1.73,63
1.85,80
1.65,50
1.88,80
1.84,77
1.79,70
1.85,80
1.93,85
1.69,49
1.92,82
0,0
1.84,79
1.85,74
1.92,80
1.96,93
2.1,90
1.68,56
1.82,88
1.74,80
1.83,75
1.85,68
1.83,79
1.84,80
1.65,57
1.61,48
1.7,56
1.64,51
1.73,51
1.77,75
1.92,69
1.74,69
1.73,67
1.73,0
1.82,71
1.7,56
1.7,50
1.65,44
1.62,62
1.8,73
1.82,0
2.02,105
1.99,99
1.79,90
1.85,72
1.74,80
1.75,70
1.51,44
1.73,74
1.85,87
1.73,61
1.75,59
1.84,74
1.86,81
1.78,86
1.77,70
1.68,63
1.76,85
1.74,85
1.88,71
1.7,62
1.95,94
1.8,97
1.68,59
1.84,0
1.88,80
1.93,96
2.08,96
1.87,79
1.66,60
2,125
1.89,77
1.92,90
1.77,59
1.78,74
1.7,62
2.02,82
1.72,61
1.64,64
1.56,45
0,0
1.56,49
1.8,58
1.63,55
1.74,85
1.6,62
1.77,90
1.9,74
1.76,73
1.74,80
2.01,88
1.94,96
1.77,65
1.78,84
1.82,69
1.85,78
1.76,62
2.08,93
1.8,62
1.74,75
1.67,53
1.74,60
1.61,69
1.78,64
1.75,64
1.8,67
1.76,70
1.63,48
1.76,70
1.58,60
1.67,63
0,0
1.78,69
1.69,54
1.76,66
1.66,62
1.81,66
1.8,74
1.73,65
1.87,91
1.8,75
1.76,67
1.7,49
1.84,76
1.75,78
1.91,74
1.84,73
1.96,0
1.79,93
1.75,56
1.91,75
1.64,51
1.88,72
1.7,0
1.64,64
1.98,86
1.91,72
1.73,63
1.85,95
1.75,69
1.81,75
1.83,82
1.7,65
1.73,61
1.76,63
1.7,63
1.82,68
1.53,48
1.9,76
1.55,45
1.9,84
1.6,57
1.96,78
1.82,98
1.65,66
1.8,78
1.7,59
1.82,81
0,0
1.82,90
1.79,88
1.8,81
1.92,88
2.1,101
2.04,96
1.73,56
1.86,78
1.69,77
1.8,70
1.77,64
1.86,73
1.7,50
1.84,95
1.76,62
1.61,48
1.76,53
1.74,64
1.66,55
1.64,50
1.71,62
1.65,66
1.67,62
2.02,103
1.78,71
0,0
1.71,72
1.66,66
1.65,48
1.65,0
1.7,59
1.75,68
1.77,56
1.6,52
0,0
1.64,55
1.74,69
1.94,75
2.04,90
0,0
1.96,98
1.66,67
1.68,66
1.92,96
1.72,65
1.77,74
1.88,98
1.76,63
1.69,60
1.68,58
0,0
1.78,81
1.84,72
0,0
1.79,75
1.72,0
1.68,60
1.68,60
2.1,101
1.92,95
1.75,75
1.8,66
1.42,35
1.8,76
1.76,63
1.84,81
1.95,96
1.78,73
1.97,87
1.87,130
1.97,89
1.78,64
1.75,70
1.7,65
1.7,59
1.65,59
1.73,61
1.71,54
1.74,73
1.73,55
1.82,100
1.7,66
1.85,73
1.91,67
1.74,62
1.87,85
1.82,82
1.69,57
1.92,91
1.64,58
1.6,0
1.83,70
1.81,91
1.68,47
1.8,73
1.82,68
1.94,85
1.95,90
1.64,57
1.88,80
1.73,65
1.9,74
1.83,74
1.76,64
1.62,60
1.74,0
1.8,86
1.62,48
1.68,58
1.78,83
1.98,93
1.88,79
1.71,73
0,0
1.65,0
1.96,96
1.8,72
1.9,85
1.75,64
1.7,47
1.56,51
1.85,71
1.58,62
0,0
1.57,46
1.69,56
1.65,68
0,0
1.6,68
0,0
0,0
0,0
0,0
0,0
0,0
1.88,75
0,0
1.62,60
0,0
1.52,75
1.52,62
1.9,90
1.65,57
1.93,95
1.68,75
1.8,80
1.75,80
1.85,75
1.69,53
1.83,75
1.88,68
1.67,58
1.7,70
1.67,60
1.65,57
1.55,53
1.78,73
1.79,78
1.98,90
1.85,82
1.9,80
1.89,86
1.79,68
1.88,94
1.72,61
1.81,91
1.75,0
1.8,99
1.69,68
1.72,55
1.77,65
1.65,62
1.79,84
1.7,68
1.56,50
1.75,80
1.55,57
1.67,70
1.7,65
1.55,60
1.68,50
1.78,66
1.84,78
1.64,57
1.67,78
1.7,68
1.66,50
1.79,80
1.73,68
1.71,71
1.68,63
1.63,55
1.76,65
1.55,47
1.63,55
1.68,54
1.79,79
1.76,69
1.87,71
1.8,79
1.8,93
1.73,69
1.8,77
1.65,54
0,0
0,79
0,0
0,0
0,78
1.7,69
1.78,78
1.7,62
1.83,66
1.87,79
1.77,74
2.02,108
1.86,88
1.78,76
1.74,118
2.02,105
1.75,58
1.87,93
1.96,100
1.89,94
1.88,90
1.72,60
1.77,60
1.9,93
1.73,72
1.92,83
1.68,65
1.84,87
1.82,74
1.78,80
1.77,56
1.97,114
1.85,67
1.69,58
1.88,95
1.77,77
1.81,90
1.99,95
1.77,70
1.73,53
1.85,70
1.77,66
1.83,75
1.83,72
1.66,75
1.67,59
1.74,73
1.83,82
1.77,68
1.58,50
1.69,65
1.59,56
1.57,48
1.65,62
1.73,58
1.62,65
1.8,65
1.75,65
1.71,62
1.87,103
1.9,98
1.66,56
1.89,98
1.78,68
1.91,90
1.94,103
1.84,64
1.68,70
1.69,73
1.61,65
1.92,75
1.82,100
1.7,65
1.65,58
0,0
0,0
0,0
0,0
1.78,85
1.94,94
1.87,76
1.63,55
1.69,54
1.83,70
1.77,63
1.91,78
1.65,61
1.87,93
1.96,92
1.64,49
1.87,140
1.87,74
1.7,59
1.97,99
1.86,72
2.01,100
1.9,83
1.85,77
1.75,65
1.65,65
1.79,79
1.88,77
1.7,66
1.78,78
1.91,82
1.95,73
1.75,80
2.02,105
1.97,97
1.96,101
1.94,92
1.72,68
1.61,51
1.76,65
1.75,65
1.9,84
1.94,79
1.96,82
1.7,56
1.92,72
1.64,64
1.7,59
1.83,67
1.93,93
1.86,95
2.03,96
1.74,80
1.84,85
1.93,96
2.05,107
1.87,83
1.91,72
1.97,95
1.79,73
1.73,63
1.8,72
1.76,74
1.91,91
1.95,90
1.96,94
1.8,74
2.13,130
1.81,83
1.91,90
2.02,96
1.82,74
1.92,90
1.79,72
1.97,89
2.09,115
2.02,102
1.67,67
1.88,88
1.74,51
1.58,62
1.82,72
1.93,83
1.78,72
1.93,98
1.78,65
1.97,106
1.89,75
2.1,104
1.96,94
1.99,96
1.95,91
1.9,76
1.84,81
1.7,60
1.65,54
1.72,52
1.93,82
1.85,78
1.82,74
1.7,75
1.9,85
1.8,70
2.11,112
1.91,94
1.93,93
1.68,90
1.65,62
1.74,58
1.6,73
1.65,51
1.62,60
1.8,74
1.76,73
1.55,42
1.82,82
1.8,60
1.6,55
1.8,75
1.64,58
1.65,58
1.75,56
1.77,65
1.81,72
1.73,75
1.75,59
1.54,47
1.82,90
1.68,56
1.74,58
1.7,58
1.86,81
1.8,73
1.69,65
1.85,70
1.94,98
1.93,100
1.8,73
1.62,62
1.89,78
1.63,60
1.86,68
1.85,90
1.7,57
1.79,67
1.83,73
1.78,62
1.8,79
1.65,63
1.72,62
1.62,55
1.86,81
1.81,83
1.64,63
1.83,63
1.85,85
1.8,68
1.76,70
1.6,56
1.68,93
1.78,67
1.87,92
1.68,54
1.7,72
1.89,73
1.9,72
1.66,56
1.68,53
1.91,76
1.77,68
1.83,69
1.57,56
1.69,65
1.83,75
1.84,82
1.68,60
1.75,72
1.68,53
1.72,66
1.75,54
1.73,65
1.87,76
1.7,58
1.84,71
1.7,59
1.66,54
1.72,64
1.72,65
1.76,77
1.78,77
1.72,67
1.79,73
1.68,65
1.72,65
1.74,69
1.92,95
1.66,54
1.62,54
1.6,57
1.73,68
1.74,61
1.69,63
1.8,69
1.69,64
1.8,78
1.92,80
1.7,59
1.76,68
1.91,87
1.85,72
1.69,60
1.73,66
1.8,63
1.51,43
1.77,65
1.78,65
1.76,72
1.67,57
1.83,73
1.8,71
1.86,75
1.78,74
1.68,54
1.82,70
1.87,73
1.82,69
1.78,61
1.86,77
1.7,67
1.71,62
1.73,63
1.86,81
0,0
0,0
1.9,78
0,0
0,0
0,0
1.73,51
1.8,72
1.76,63
1.8,64
1.69,73
1.68,62
1.82,72
1.79,61
1.7,55
1.89,90
1.8,67
1.84,90
1.89,89
1.75,60
1.98,88
1.73,60
1.83,81
1.8,64
1.62,50
1.78,60
1.9,72
1.86,88
1.84,73
1.62,49
1.69,60
1.89,80
1.72,58
1.77,106
1.66,56
1.61,50
1.8,87
1.93,74
1.73,65
1.77,80
1.69,68
1.96,83
1.85,73
1.97,78
1.65,52
1.9,119
1.86,89
1.83,74
1.83,82
1.82,79
1.82,78
1.88,80
1.88,65
1.99,95
1.85,88
1.93,90
1.83,73
1.81,71
1.74,70
1.83,78
1.86,94
1.8,75
1.76,78
1.92,77
1.89,80
1.78,65
1.96,88
1.97,114
1.63,52
1.58,58
1.72,70
1.69,73
1.84,0
1.78,74
1.83,75
1.82,71
1.88,80
1.97,135
1.84,83
1.87,102
1.73,62
1.65,51
1.71,60
1.61,59
2,155
1.7,80
1.76,67
1.66,59
1.73,74
1.68,65
1.76,62
1.72,63
1.68,54
1.47,40
1.81,75
1.85,68
1.64,60
1.83,80
1.76,64
1.88,80
1.64,67
1.8,80
1.78,74
1.85,95
1.73,72
1.65,65
1.67,64
1.79,74
1.64,67
1.84,80
1.87,90
1.86,77
1.73,75
1.67,60
1.7,65
1.77,76
1.77,72
1.78,70
1.76,67
1.88,71
1.84,80
1.65,55
1.82,82
1.95,85
2,110
1.84,82
1.66,60
1.91,93
1.83,72
1.95,98
1.92,120
1.85,72
1.74,65
1.95,93
1.67,64
1.73,68
1.72,67
1.71,55
1.69,77
1.8,69
1.73,64
1.8,87
2,105
1.66,54
1.83,82
1.62,50
1.75,66
1.8,79
1.78,69
1.86,82
1.73,68
1.65,60
1.76,60
1.79,66
1.87,72
1.64,62
1.69,57
1.84,72
1.94,97
1.78,76
1.72,67
1.72,52
1.69,63
1.89,90
1.76,68
1.97,100
1.72,67
1.86,95
1.91,88
1.78,89
1.97,98
1.88,79
1.76,52
1.75,63
1.74,68
1.72,60
1.84,73
1.86,74
1.91,103
1.84,74
1.8,70
1.67,62
1.75,57
1.77,74
1.86,77
1.72,60
1.71,71
1.74,68
1.86,79
1.72,65
1.89,80
1.65,60
1.84,73
1.87,92
2,103
1.81,81
1.82,78
1.71,67
1.8,75
1.63,56
1.61,58
1.77,54
1.82,76
1.85,77
1.92,85
1.74,68
1.74,64
1.64,56
1.85,75
1.81,65
1.86,73
1.86,89
1.73,72
1.72,70
1.7,62
1.8,64
1.92,79
1.67,60
1.96,104
1.82,80
1.81,86
1.7,57
1.8,82
1.95,85
1.82,76
1.68,60
0,0
2.05,72
1.9,143
1.72,73
0,55
1.58,73
0,50
1.76,63
1.69,65
0,54
0,45
1.86,80
1.81,95
1.74,74
1.76,70
1.91,100
1.73,69
1.63,65
1.65,60
1.64,0
1.74,73
1.75,78
1.75,78
1.79,75
1.71,59
1.66,0
1.67,77
1.66,53
1.85,76
1.57,57
1.75,65
1.81,82
1.72,106
1.93,148
1.59,54
1.74,56
1.66,57
1.77,72
1.58,47
1.68,60
1.73,49
1.63,0
1.72,57
1.66,67
1.67,75
1.52,57
1.6,55
1.65,61
1.84,72
1.82,82
1.69,59
1.75,70
1.7,59
1.81,93
1.64,56
1.75,0
1.59,55
1.67,50
1.57,63
1.75,71
1.54,48
1.82,115
1.55,57
1.68,63
1.69,61
1.61,69
1.68,70
1.81,58
1.7,63
1.57,56
1.8,82
1.75,0
1.65,50
1.69,0
1.87,120
1.82,90
1.72,60
1.92,117
1.86,69
1.9,117
1.77,0
1.7,50
1.56,52
1.65,69
1.86,145
1.96,80
1.65,57
1.7,56
1.65,0
1.65,0
1.5,0
1.58,53
0,0
0,0
0,0
0,0
1.57,52
1.68,65
1.7,70
1.68,57
1.55,56
1.82,82
1.55,47
1.79,65
1.82,73
1.7,72
1.64,48
1.69,69
1.65,69
1.7,65
1.68,60
1.73,60
1.68,0
1.8,74
1.86,70
1.71,58
1.73,72
1.8,65
1.8,82
1.57,58
1.73,63
1.68,53
1.8,70
1.62,52
1.79,70
1.86,107
1.62,58
1.67,63
1.69,0
1.74,61
1.79,71
1.65,63
1.9,152
1.78,88
1.6,53
1.62,58
1.64,57
1.8,78
1.6,0
1.62,57
1.58,63
1.49,47
1.96,81
1.75,69
1.74,77
1.58,53
1.8,83
1.61,70
1.67,56
1.7,65
1.57,50
1.71,65
1.77,79
0,0
1.72,89
1.79,75
0,0
1.89,86
1.75,70
1.96,74
1.63,59
1.65,73
1.88,81
1.89,0
1.65,59
1.67,54
1.83,90
1.8,88
1.65,50
0,0
1.79,83
1.83,70
1.77,0
1.53,47
1.6,64
1.7,79
1.94,0
0,0
1.6,77
1.69,59
1.88,80
1.78,62
1.73,61
1.58,55
1.73,60
1.9,90
1.84,75
1.96,102
1.76,63
1.76,57
1.96,100
1.83,77
1.75,62
1.76,0
1.68,51
1.94,93
1.96,0
1.75,60
1.74,51
1.77,60
1.8,0
1.69,70
0,52
1.65,63
1.71,70
1.67,56
1.65,70
1.87,110
1.65,69
1.71,57
1.89,92
1.87,90
1.88,98
1.85,82
1.95,109
1.92,110
1.6,58
1.8,82
1.82,84
1.9,76
1.75,75
1.92,100
1.76,86
1.85,79
1.94,98
1.87,73
1.64,78
1.7,57
1.76,65
1.67,66
1.85,87
1.92,88
1.92,84
1.99,80
1.74,125
1.59,55
1.7,68
0,0
1.75,62
1.86,86
1.97,105
1.75,57
1.85,80
1.78,120
1.8,78
1.73,67
1.77,69
1.89,0
1.75,54
1.91,98
1.81,60
1.68,70
1.72,72
1.75,69
1.9,76
1.72,0
1.67,53
1.7,62
1.7,60
1.75,60
1.73,69
1.65,63
1.72,58
1.8,70
1.8,98
1.73,69
1.72,65
1.65,48
1.63,54
1.7,69
1.8,69
1.64,58
1.81,110
1.78,73
1.6,52
1.91,77
1.7,61
1.6,48
1.98,100
1.84,120
1.78,68
1.75,74
1.7,63
1.75,58
1.76,70
1.87,97
1.77,60
1.67,53
1.67,60
1.72,62
1.68,70
1.78,74
1.83,74
1.78,57
1.71,55
1.65,90
1.66,85
1.91,77
1.8,77
1.81,0
1.6,62
1.65,53
1.91,70
1.71,51
1.72,55
1.81,60
1.64,65
1.73,69
1.92,85
1.74,74
1.79,69
1.8,67
1.82,60
1.76,69
1.75,0
1.76,70
1.86,73
1.72,0
1.66,60
1.65,47
1.75,59
1.86,80
1.82,130
1.8,69
1.82,80
1.69,76
1.69,0
1.79,86
1.83,75
1.76,68
1.7,74
1.68,57
1.7,55
1.92,125
1.76,60
1.89,86
1.73,52
1.88,85
1.8,120
1.5,48
1.82,81
1.85,66
1.8,75
1.65,66
1.66,49
1.91,85
1.85,140
1.8,80
1.84,72
1.58,54
1.6,57
1.6,55
1.86,100
1.68,85
1.62,53
1.74,88
1.74,90
0,0
1.8,81
1.73,73
1.75,62
1.76,60
0,0
0,0
0,0
0,0
0,0
0,0
0,0
0,0
0,0
1.76,0
0,0
0,0
0,0
0,0
0,0
0,0
0,0
0,0
0,0
0,0
0,0
1.85,125
1.75,65
1.69,75
1.8,67
1.65,69
1.65,75
1.72,53
1.86,75
1.76,101
1.62,50
1.68,69
1.77,60
1.78,68
1.69,49
1.86,75
1.9,89
0,0
1.75,62
1.78,72
1.8,69
1.75,65
1.94,80
1.95,85
1.78,70
1.58,49
1.68,57
1.76,60
1.73,63
1.68,53
1.87,100
1.95,100
1.83,77
1.88,85
1.98,77
1.75,65
1.75,65
1.74,57
1.74,62
1.8,80
1.78,67
1.75,62
1.9,82
1.79,0
1.9,98
1.71,94
1.84,75
1.79,79
1.98,105
1.95,96
1.73,0
1.87,82
1.92,70
1.74,60
1.8,75
1.77,94
1.71,59
1.73,47
1.67,56
1.71,66
1.75,75
1.78,67
1.82,73
1.88,0
1.8,68
1.68,61
1.67,67
1.84,77
1.86,70
1.74,62
1.97,130
1.76,73
1.85,84
1.72,72
0,0
1.72,63
1.74,75
1.81,61
1.68,78
1.75,90
1.64,53
1.67,60
1.55,48
1.6,50
1.85,93
1.8,70
1.96,100
1.83,67
1.67,75
1.78,58
1.68,60
1.68,75
1.78,57
1.76,74
1.83,69
1.86,86
1.62,65
1.76,65
1.69,52
1.76,71
1.86,85
1.72,63
1.78,65
1.66,64
1.71,61
1.69,56
1.74,62
1.62,48
1.64,58
1.8,80
1.9,82
1.7,0
2.08,120
1.75,65
1.63,50
1.71,63
1.78,75
1.75,60
1.67,55
1.63,48
1.61,48
1.69,65
1.8,87
1.67,80
1.77,68
1.64,58
1.75,63
1.7,53
1.6,56
1.7,68
1.74,70
1.95,130
1.73,66
1.7,85
1.84,68
1.67,63
1.73,53
1.68,55
1.91,88
1.98,120
1.96,90
1.73,51
1.64,57
1.78,62
1.72,57
1.6,52
1.76,66
1.74,62
1.65,65
1.71,62
1.67,63
1.95,95
1.83,96
1.72,68
1.78,68
1.76,57
1.77,67
1.73,63
1.67,50
1.74,60
1.65,57
1.78,61
1.85,90
1.86,100
1.81,72
1.92,78
1.87,90
1.82,84
1.77,95
1.8,67
1.65,56
1.74,74
1.8,75
1.76,64
1.78,72
1.7,69
1.62,78
0,0
1.87,85
1.85,63
1.78,67
1.61,0
1.9,86
1.67,55
1.81,97
1.72,54
1.7,57
1.57,48
1.78,70
1.78,78
1.67,63
1.79,67
1.8,75
1.69,57
1.83,94
1.71,0
1.64,46
1.68,60
1.73,63
1.74,55
1.95,105
1.62,53
1.79,59
1.7,63
1.63,53
1.78,85
1.9,96
1.78,78
1.75,61
1.68,63
1.8,75
1.8,63
1.67,55
1.83,86
1.73,69
1.83,77
1.82,62
1.81,83
1.8,63
1.8,97
1.8,79
1.7,67
1.55,52
2.05,98
1.61,49
1.78,68
1.66,61
1.73,77
1.86,77
1.73,61
1.68,74
1.73,65
1.68,74
1.96,102
1.7,59
1.96,105
2.04,115
1.94,90
1.88,81
1.71,70
1.58,52
1.68,63
1.63,47
1.58,56
1.84,72
1.72,59
1.68,58
1.86,74
1.68,56
1.58,53
1.75,61
1.81,79
1.81,83
1.88,77
1.71,90
1.81,82
1.61,51
1.63,45
1.96,92
1.63,58
1.78,70
1.88,107
1.99,113
1.78,81
1.85,70
1.61,52
1.71,51
1.68,58
1.91,80
1.81,71
1.68,0
1.86,74
1.83,78
1.76,61
1.83,74
1.86,81
1.63,54
1.78,58
1.73,64
1.86,81
2.04,99
1.76,66
1.7,61
1.78,63
1.83,70
1.94,99
1.73,88
1.99,108
1.73,58
1.68,65
1.88,86
1.88,77
1.81,74
1.83,69
1.88,79
1.89,79
1.81,86
1.93,79
1.71,56
1.81,68
1.94,92
1.91,77
1.71,66
1.66,58
1.83,77
2.03,94
1.73,61
1.63,55
1.73,69
1.91,81
1.76,74
1.91,86
1.66,58
0,0
1.91,97
1.73,65
1.8,75
1.72,61
1.73,74
1.76,0
2.03,109
1.86,81
1.78,77
1.99,88
1.71,61
1.76,0
1.94,90
1.91,74
1.88,81
1.94,86
1.76,59
1.76,66
1.58,51
1.91,83
1.83,95
1.61,54
1.88,79
1.7,60
1.76,72
1.88,81
1.76,65
1.73,74
1.94,84
1.76,0
1.83,70
2.06,89
1.81,68
1.86,70
1.81,79
1.76,61
1.83,90
1.83,88
1.86,77
1.96,88
1.96,106
1.83,85
1.73,70
1.71,53
1.73,79
1.71,69
1.73,58
1.7,66
1.57,54
1.88,95
1.73,81
1.73,55
1.86,68
1.73,72
1.83,81
1.66,56
1.88,102
1.91,145
1.73,74
1.86,71
1.76,72
1.76,68
2.03,105
1.91,95
2.01,86
1.73,70
0,0
2.11,120
1.73,99
2.01,99
2.1,122
1.81,79
1.55,43
1.73,58
1.78,77
1.86,83
1.82,70
1.78,68
2,104
1.94,77
1.88,86
1.95,86
1.68,71
1.86,77
1.68,63
1.68,63
1.78,72
1.78,83
1.63,49
1.88,80
1.68,60
1.73,54
1.68,54
1.63,57
1.94,89
1.84,83
1.68,58
1.88,65
1.66,55
1.86,72
1.86,127
1.83,88
1.91,79
1.71,68
1.68,68
1.81,79
1.5,49
1.81,61
1.94,104
1.73,0
1.83,71
1.83,79
1.71,64
1.88,81
1.94,95
1.83,79
1.91,77
1.76,65
1.96,83
1.76,88
1.78,58
1.78,68
1.61,54
1.66,52
1.88,90
2.03,102
1.88,65
1.76,63
1.66,59
1.63,56
1.71,65
1.96,97
1.71,52
1.75,67
1.71,58
1.86,74
1.71,68
0,0
1.61,52
1.73,63
1.81,85
1.94,79
1.91,83
1.78,79
1.68,61
1.52,65
2.01,95
1.94,86
1.78,70
1.96,97
1.63,58
1.66,58
1.78,65
1.88,78
1.76,79
1.83,79
1.73,61
1.83,85
1.83,86
1.73,59
1.66,53
1.83,65
1.76,74
1.66,75
1.94,90
1.71,68
1.94,105
1.68,63
1.58,50
1.66,42
1.58,52
1.78,79
2.01,99
1.68,73
1.83,133
1.76,64
1.78,79
1.99,113
1.88,78
1.71,79
1.88,75
1.78,68
1.81,74
1.81,75
1.88,90
1.94,95
1.61,55
1.7,61
1.86,80
1.76,77
1.81,88
1.66,51
1.83,83
1.93,75
1.63,58
1.63,56
1.76,74
1.73,55
1.63,49
1.68,62
1.81,79
1.63,56
1.73,67
1.55,54
1.76,58
1.63,58
1.78,69
1.83,72
1.73,58
1.63,59
1.9,79
1.78,75
1.73,74
1.83,95
1.76,74
1.65,54
1.68,63
1.63,68
1.88,79
1.78,115
1.61,61
1.88,75
1.81,74
1.78,67
1.68,93
1.73,65
1.88,72
1.88,86
1.83,81
1.66,61
1.98,88
2.05,104
1.61,53
1.88,102
1.73,65
1.61,49
1.93,72
1.63,83
1.88,72
2,97
1.76,56
1.71,60
1.71,72
1.73,58
1.81,72
1.81,102
1.83,93
1.9,87
1.91,86
1.73,54
1.71,56
1.61,43
1.61,57
1.68,68
1.88,75
1.53,48
1.78,68
1.81,77
1.68,55
1.76,67
1.63,48
1.71,59
1.81,72
0,0
1.78,74
1.76,70
1.66,58
1.75,72
1.75,76
1.76,72
1.75,58
1.66,56
1.88,95
1.81,79
1.66,55
1.63,69
1.71,56
1.77,74
1.76,64
1.81,65
1.73,79
1.78,68
1.58,46
1.71,61
1.73,77
1.73,74
1.88,92
1.86,74
1.62,54
1.63,52
1.78,60
1.66,49
1.73,72
1.61,50
1.78,61
1.66,55
1.61,58
1.87,95
1.76,77
2.04,157
1.94,86
2.02,100
1.83,96
1.76,65
1.76,83
1.96,98
2.05,90
1.83,79
1.76,70
2.06,104
1.66,56
1.63,54
1.78,72
1.67,59
1.58,56
1.83,73
1.83,73
1.73,65
1.61,58
1.83,104
1.91,97
1.98,88
1.86,90
1.83,88
1.94,90
1.86,74
1.81,70
1.76,136
1.61,53
1.61,57
1.76,0
1.91,77
1.73,68
1.76,80
1.94,79
1.58,49
1.88,77
1.71,70
1.66,48
1.83,74
1.73,55
1.7,56
1.61,63
1.53,48
1.63,60
2.02,99
1.96,97
1.61,43
1.73,68
1.86,97
1.99,102
1.88,78
1.68,64
1.73,77
1.88,86
1.86,83
1.66,0
1.63,58
1.63,62
1.88,74
1.73,65
1.73,66
1.71,61
1.68,63
1.83,90
2.03,99
1.8,57
1.61,58
1.86,69
1.86,81
2.06,92
1.73,90
1.68,68
1.81,71
1.86,74
1.88,81
1.78,68
1.73,65
0,0
1.66,108
1.68,65
1.76,68
1.81,74
1.78,65
1.94,97
1.83,127
1.86,72
1.88,94
1.88,108
1.63,57
1.68,65
2.01,124
0,0
1.88,88
1.91,90
1.99,104
1.88,91
1.76,77
1.86,79
1.83,74
1.83,89
1.67,63
1.73,55
1.73,62
1.78,143
1.71,65
1.71,62
1.71,60
1.81,70
1.88,90
1.91,77
1.83,74
1.78,72
1.99,97
1.73,53
1.73,0
1.66,47
1.66,52
1.83,127
1.61,53
1.58,65
1.45,47
1.78,72
1.73,64
1.66,60
1.88,79
1.68,63
1.73,68
2.01,103
1.88,108
1.88,86
1.91,83
1.71,65
1.75,66
1.76,59
1.98,90
1.85,77
1.91,124
0,0
1.96,81
1.96,80
1.88,122
1.86,81
1.86,82
1.94,96
1.98,84
1.68,58
1.76,65
1.93,88
1.62,54
1.94,86
1.86,90
1.81,72
1.76,58
1.96,83
1.86,83
1.81,80
1.73,70
1.83,71
1.81,80
1.86,55
1.86,74
1.66,72
1.73,79
1.55,54
1.88,81
1.76,90
1.72,56
1.71,61
1.81,72
1.94,89
1.86,71
1.61,50
1.78,63
1.94,88
1.91,92
1.61,57
1.9,132
1.86,90
1.7,49
1.69,62
1.68,57
1.98,0
1.77,0
1.72,74
1.95,105
1.87,85
1.72,75
1.72,60
1.93,97
1.58,69
1.63,50
0,0
1.73,65
1.6,59
1.84,0
1.69,0
1.78,85
1.68,70
1.56,0
1.72,0
1.65,65
1.84,105
1.92,95
1.98,93
1.66,53
1.83,97
1.65,50
1.63,56
1.73,73
1.9,130
1.65,0
1.74,56
1.77,58
0,0
1.81,67
1.9,78
1.53,43
1.61,58
1.74,62
1.68,66
1.83,65
1.83,105
1.83,85
1.83,146
1.86,0
1.62,47
1.68,110
1.76,83
1.88,78
1.69,0
1.74,0
1.83,81
1.82,90
1.64,50
1.86,100
1.85,120
1.86,61
1.77,67
1.74,56
1.68,48
1.81,78
1.6,0
1.74,66
1.7,54
1.68,61
0,0
1.7,66
1.87,80
1.73,65
1.8,99
1.82,0
1.9,85
1.99,88
1.69,62
1.76,68
1.74,79
1.6,57
2.05,93
1.65,60
1.7,65
1.64,53
1.95,85
1.77,76
1.95,90
1.8,73
1.83,79
1.98,0
1.78,67
1.84,0
1.8,87
1.78,70
1.89,76
1.8,0
1.85,130
1.7,70
1.8,75
1.7,68
1.79,0
2.06,137
1.82,90
1.67,62
1.83,79
1.76,73
1.7,68
0,0
1.58,75
1.85,85
1.59,57
1.53,47
1.61,62
1.74,60
1.91,100
1.96,95
1.81,96
1.93,83
1.7,70
1.6,52
1.96,109
1.68,70
1.73,72
1.69,52
1.81,97
1.6,50
1.76,0
1.79,0
1.76,66
1.72,69
2.06,118
2.02,104
1.68,70
1.68,100
1.69,55
2.03,110
1.63,55
1.8,66
1.72,69
1.79,72
1.62,54
1.8,86
1.68,69
1.75,58
0,0
1.74,72
1.78,88
1.75,75
1.9,80
1.65,65
1.67,0
2.05,110
1.74,0
1.72,114
1.65,52
1.68,0
1.65,53
1.76,62
1.92,72
1.53,58
1.7,58
1.6,56
1.6,56
1.72,60
1.58,46
1.8,75
1.62,55
1.7,68
1.65,84
1.85,80
1.65,55
1.65,58
1.63,48
1.58,47
1.58,45
1.55,48
1.68,55
1.65,53
1.7,60
1.63,58
1.68,60
1.72,60
1.75,75
1.73,55
0,0
1.78,65
0,0
1.69,61
1.66,60
1.74,73
0,0
1.78,79
1.82,68
1.73,53
1.7,62
1.7,66
1.87,77
1.91,87
1.61,51
1.72,69
1.63,56
1.71,61
1.63,59
1.68,59
1.63,53
1.63,61
1.67,53
1.77,70
1.86,78
1.76,64
1.62,60
1.76,59
1.61,56
1.58,57
1.57,53
1.82,105
1.75,72
1.59,53
1.59,54
1.58,54
1.6,53
1.64,53
1.55,45
1.65,68
1.75,65
1.64,50
1.81,84
1.58,59
1.58,60
1.83,79
1.63,70
1.72,63
